Title,Lyrics,singer,Genre,Writer,Music,metaphors,meaning
Ada andure ma – අඩ අඳුරේ මා,"අඩ අඳුරේ මා දෙනෙත් කවුලු හැර
අලසව වැතිරී තනි යහනේ
ඔබ ගැන සිතමින් බලා සිටින්නෙමි
මුලු ලොව නිසලව නිදන වෙලේ
දහසක් කවි කල්පනා මගේ
සිතෙහි හෙමිට පිළිසිඳෙහි තිබේ
එක්වී ඔබ සිහිනෙක දැවටී
නිනද සමඟ යහනට ඇවිදින්
අලුයම බොල්පිණි තැවරී තෙත්වුනු
අඳුරේ සීතල සලුව යටින්
හොරෙන් හොරෙන් ඔබ යනවිට ඒ හඬ
කෙමෙන් බිඳී මට නෑසී යයි
නිදිමත පලවා දෙනෙත් කවුලු හැර
ඔබ සොයනා මට ඔබ නොපෙනේ
දහසක් කවි කල්පනා මගේ
සිතෙහි යලිත් පිළිසිඳෙහි තිබේ
",ක්ලැරන්ස් විජේවර්ධන,ගෝල්ඩන් පොප්,ක්ලැරන්ස් විජේවර්ධන,ක්ලැරන්ස් විජේවර්ධන,"
අඩ අඳුරේ මා දෙනෙත් කවුලු හැර

අලසව වැතිරී තනි යහනේ

ඔබ ගැන සිතමින් බලා සිටින්නෙමි

මුලු ලොව නිසලව නිදන වෙලේ

දහසක් කවි කල්පනා මගේ

අඳුරේ සීතල සලුව යටින්

හොරෙන් හොරෙන් ඔබ යනවිට ඒ හඬ

කෙමෙන් බිඳී මට නෑසී යයි

දහසක් කවි කල්පනා මගේ


","
අඩ අඳුරේ මගේ ඇස් ඇරිලා

තනි ඇඳක් මත කම්මැලි ලෙස වැතිර සිටී

මම ඔයාව හිතේ තියාගන්නම්

මුළු ලෝකයම තවමත් නිදි

කවි දහසක් මගේ සිතුවිලි

අඳුරේ සීතල ආවරණය යටතේ

හොරෙන් යනකොට මේක ඇහෙනවා

හෙමිහිට කඩාගෙන මගේ ළඟට එනවා

කවි දහසක් මගේ සිතුවිලි


"
Adareta Kiyana Katha |  ආදරේට කියන කතා,"ආදරේට කියන කතා බොලඳ වුනාට..
සාගරේක ගැඹුර දැනෙයි නොවෙද ඔයාට...  
තටු සිඳිලා වැලපෙනවා
සිත බැඳිලා හිනැහෙනවා
මල් ඇතුරූ සුව යහනේ
මල් අතුරා පවන් සැලු
ආදරවන්තයින් පෙලූ..
 බොලඳ කතා
මල් ගොමුවේ.. තුරු සෙවනේ..
හමුවෙනවා.. වෙන්වෙනවා..
උයන් කොනේ.. අවන් හලේ..
උයන් කොනේ හමුවෙනවා..
අවන්හලේ වෙන්වෙනවා..
බොලඳ කතා..
",ක්ලැරන්ස් විජේවර්ධන,පැරණි පොප්,ක්ලැරන්ස් විජේවර්ධන,ක්ලැරන්ස් විජේවර්ධන,"
ආදරේට කියන කතා බොලඳ වුනාට..

සාගරේක ගැඹුර දැනෙයි නොවෙද ඔයාට... ","
ආදර කතා බොළඳ වුවත්

ඔබට සාගරයේ ගැඹුර දැනෙනවාද?"
Andura Ira |  අඳුර ඉරා,"අඳුර ඉරා සඳ නිදි මේලාවේ
පබලු වළා විහිරුනු වේලාවේ
අඳුර පුරා අමරස වෑහීලා
බිඳුනු සෙනේ කඳුලැලි පාවීලා
කටුක ලොවේ ඝනදුරු සීමාවේ
සතුට රැඳේ මතු මත් මායාවේ
මනස නිවේ සැනසෙන හෝරාවේ
දසත නැගී හසරැල්  ගී රාවේ
සොඳුරු රැයේ බොඳවුනු චායාවේ
එලිය නිවී ඇගෙ රූ සේයාවේ
දැහැල බැඳී සිතුවිලි මායාවේ
කැකුලු පිපී මදහස රේඛාවේ
",ක්ලැරන්ස් විජේවර්ධන,පැරණි පොප්,ක්ලැරන්ස් විජේවර්ධන,කුලරත්න ආරියවංශ,"සතුට රැඳේ මතු මත් මායාවේ







","
අනාගතය පිළිබඳ මායාව තුළ සතුට හෙළි වේ




"
Desa Piya Gath Kala |  දෑස පියා ගත් කල ,"දෑස පියා ගත් කල මට මැවෙන්නෙ ඔබෙ රුව
ඈත කඳුකරින් එන නල ගෙනෙන්නෙ ඔබෙ හඬ
කුමාරියේ…
අමතක නොවේ ලස්සන රුවේ...සිත සැනසුවේ
අතින් අත වෙලී වෙරළේ තනි වූ මොහොතේ
ඈත නිම් වළල්ලේ නෙත රැඳවුණු මොහොතේ
සිත කැළඹුණේ ඇයි නොම දැනේ
කී දෙයක් ද අරුමයක්ද මට සිතා ගන්න නොහේ
රළින් රළ හැපී පෙණ කැටි විසිරෙනු දැකලා
නිම් නොවූ සිතේ සතුටින් හසරැල් පිපිලා
මතකය මගේ  අවදී වුණේ
ඒ එදා ය  මේ මෙදා ය මට සිතාගන්න නොහේ
",ක්ලැරන්ස් විජේවර්ධන,කණ්ඩායම් ගීත,ක්ලැරන්ස් විජේවර්ධන,ක්ලැරන්ස් විජේවර්ධන,"
දෑස පියා ගත් කල මට මැවෙන්නෙ ඔබෙ රුව



ඈත නිම් වළල්ලේ නෙත රැඳවුණු මොහොතේ

සිත කැළඹුණේ ඇයි නොම දැනේ

රළින් රළ හැපී පෙණ කැටි විසිරෙනු දැකලා","
මම මගේ ඇස් වසාගෙන සිටින විට මම ඔබේ පින්තූරය දකිමි



ඇස ඈත ක්ෂිතිජයක් මත රැඳී සිටින විට

මගේ හදවත ගැහුණේ ඇයිදැයි මම නොදනිමි

රළ කඩා වැටෙන ආකාරය සහ පෙණ නඟින ආකාරය නැරඹීමෙන් පසු"
Deviyan wahanse – දෙවියන් වහන්සේ,"දෙවියන් වහන්සේ කොහිද ඔබ ඉන්නේ
සක්වලේ කෙළවරේ මහා බලයක් වී
කොහිද ඔබ ඉන්නේ
දෙවියන් වහන්සේ කොහිද ඔබ ඉන්නේ
යුක්තිය නීතිය යුද්ධය සාමය
මිනිසුන් බිහි කළ මේ දේවල්
කරුණා දයාව වරදට සමාව 
ඔබ මිනිසුන් හට දුන් දේවල්
දුක්බර මොහොතක සිත් බිදි දවසක
ඔබ ගැන ඇයි මට සිහිවෙන්නේ
සත් සිදු පතලව ඔබ අදහන අය 
වෙත ඔබෙ කරුණා හිමි වෙන්නේ 
",ක්ලැරන්ස් විජේවර්ධන,ගෝල්ඩන් පොප්,ක්ලැරන්ස් විජේවර්ධන,ක්ලැරන්ස් විජේවර්ධන,දුක්බර මොහොතක සිත් බිදි දවසක,"
හද කම්පා කරවන දවසක දුක්බර මොහොතක්"
Dewathawan |  දේවතාවන්,"දේවතාවන් සිතන දේවල් 
දිව්‍ය ලෝකෙන් මෙපිට එන්නෑ
හිරු රැසින් හැම පිණිබිඳක් වත් 
දිලිසි දිලිසි අවදි වෙන්නෑ 
දෛවයයි ඉරණමයි ජිවිතය සමගින්
රඟන රැඟුමක් දෝ 
දඟකාර සමනල් අවදියේ අපි
ඉගිලුනේ අපේක්ෂාවන් කරා
පිණි සුළගේ දැවටෙමින්
කාන්සියට ගී ගැයුවා
අපේ ගී ඇසුනේ අපට පමණයි
",ක්ලැරන්ස් විජේවර්ධන,පැරණි පොප්,ක්ලැරන්ස් විජේවර්ධන,ක්ලැරන්ස් විජේවර්ධන,"ඉගිලුනේ අපේක්ෂාවන් කරා
",බලාපොරොත්තු ඉහළ ගියා
Dileepa Podi Puthu |  දිලීප පොඩි පුතූ,"දිලීප පොඩි පුතූ සනීපයට නිදි
මවගේ උකුල් යහනේ
කුමාරයාණෙනි මගේ කිරුළ හිමි
ජීවන රජ දහනේ
මහද විමානයෙ තැන්පත් කල ලේ 
බිඳුවක් අඩුව ඇතේ
එය සඟවාගෙන බිලිඳු වෙසින් ආ 
වස්තුව ඔබය පුතේ
පරවි දෙපා වැනි සුලලිත කෝමල 
සුමුදු ටිකිරි දෑතේ
පුතු මිට මොලවන් සඟවා ගෙන ඇත 
මා නොලියුව ගීතේ
",ක්ලැරන්ස් විජේවර්ධන,පැරණි පොප්,ක්ලැරන්ස් විජේවර්ධන,කරුණාරත්න අබේසේකර,"
දිලීප පොඩි පුතූ සනීපයට නිදි
කුමාරයාණෙනි මගේ කිරුළ හිමි
එය සඟවාගෙන බිලිඳු වෙසින් ආ 






","
දිලිප්ගේ පුංචි පුතා හොඳටම නිදි
මගේ ඔටුන්න හිමි කුමාරයා
එය දරුවාගෙන් සඟවා ඇත






"
Dineka Me Nadee |  දිනෙක මේ නදී,"දිනෙක මේ නදී තීරේ දෙනෙත හමුවෙලා
පිපුණු ඒ සිනා දෑසේ කඳුළු බොඳ වෙලා
සිහින මාවතේ පා කර පැතුම් බිඳ හෙළා
සිතක වේදනා දී තව සිතක් හිනැහිලා 
ඔබට මා එපා වී යන නමුදු වෙන්වෙලා
නොයයි මා පැතූ ඒ රුව සිතින් ගිලිහිලා
",ක්ලැරන්ස් විජේවර්ධන,පැරණි පොප්,ක්ලැරන්ස් විජේවර්ධන,කුලරත්න ආරියවංශ,"
දිනෙක මේ නදී තීරේ දෙනෙත හමුවෙලා

පිපුණු ඒ සිනා දෑසේ කඳුළු බොඳ වෙලා



සිතක වේදනා දී තව සිතක් හිනැහිලා 

ඔබට මා එපා වී යන නමුදු වෙන්වෙලා

නොයයි මා පැතූ ඒ රුව සිතින් ගිලිහිලා
","
දිනක් ඔවුන් ගං ඉවුරේදී හමු විය

මේ දිලිසෙන ඇස් වල කඳුළු බොඳ වෙලා



එක හදවතක් රිදෙනවා, එක හදවතක් හිනා වෙනවා

ඔයාට මාව එපා වුනාට ඔයා වෙන් වෙලා

නැහැ මම සොයමින් සිටි රූපය මගේ මනසින් අතුරුදහන් විය
"
Gamen Liyumak |  ගමෙන් ලියුමක්,"ගමෙන් ලියුමක් ඇවිල්ලා අක්කගෙන් වාගේ
මොකක් කියලාද දන්නෑ එහෙ ගියෙත් නෑනේ
පහළ කුඹුරේ නිල් ගොයම් දැන් හරිම සරුසාරයි
වැසි වැටී වැව් ළිං පිරිලා හරිම සිරියාවයි
තවත් ආරංචි ගොඩයි….. ලියන්නට ලැජ්ජයි
ගෙදර අය සතුටින් සිටින්නේ මල්ලි දැකගන්නයි
කාලෙකින් මෙහෙ ආවෙ නෑනේ වැඩත් වැඩි වෙන්නයි
ළඟදි එනවා නම් හොඳයි……  නිවාඩුව දැන් දැන් ළඟයි
",ක්ලැරන්ස් විජේවර්ධන,පැරණි පොප්,ක්ලැරන්ස් විජේවර්ධන,ක්ලැරන්ස් විජේවර්ධන,"
පහළ කුඹුරේ නිල් ගොයම් දැන් හරිම සරුසාරයි
ගෙදර අය සතුටින් සිටින්නේ මල්ලි දැකගන්නයි
කාලෙකින් මෙහෙ ආවෙ නෑනේ වැඩත් වැඩි වෙන්නයි
","
ගොයම් දැන් පහත් බිම්වල ඉතා සාරවත් ය
මගේ සහෝදරයා දැකීමෙන් පවුලේ අය සතුටු වෙනවා
වැඩ වැඩි නිසා මම ගොඩක් දවසකින් මෙහාට ආවේ නැහැ
"
Hada Mal Gomuwe – හද මල් ගොමුවේ,"හද මල් ගොමුවේ සුවඳයි හැමුවේ
ආදර සේයාව පාවෙන ගී රාව
මා හද මත් වී ගියේ
සීත  සඳේ පාවෙනා ආදර ආරාධනා
පිරුණා සිතේ ඇඳුනා නෙතේ
ඇගෙ සීන කල්පනා 
පාළු ලොවේ කල්පනා ජීවිතෙන් තුරන් වුණා
පැතුවේ ඔබේ සෙනෙහේ අමා
සිතෙහී තුරුල් වුණා 
",ක්ලැරන්ස් විජේවර්ධන,ගෝල්ඩන් පොප්,ක්ලැරන්ස් විජේවර්ධන,ක්ලැරන්ස් විජේවර්ධන,"
මා හද මත් වී ගියේ

සීත  සඳේ පාවෙනා ආදර ආරාධනා

පාළු ලොවේ කල්පනා ජීවිතෙන් තුරන් වුණා

පැතුවේ ඔබේ සෙනෙහේ අමා


","
මම විනාශ වුණා

සීතල හඳහනේ ඔබට ආදර ආරාධනා ලැබිය හැකිය

පාළු ලෝකයේ සිතුවිලි ජීවිතයෙන් අතුරුදහන් විය

මම ඔබේ ආදරය සොයමි


"
Hada Vile |  හද විලේ ,"හද විලේ ඔබ පිපුණා නිසසලේ පෙති සැළුණා
දුනුකේ මල සේ යාවී....
හද විලේ ඔබ පිපුණා නිසසලේ පෙති සැළුණා
ආශා දෑසින් බලා සිනාසී
ඒ සිත මා සිත වෙලා ගනීවී
දහසක් වනමල් පිපී සැලේවී
ජීවන මංපෙත සරසාලා
ආදර ගීතේ තනුව කියාදී
ජීවන මීවිත සතුට සදාදී
මෝහන ලාලිත බැළුම් හෙළාවී
මා යන මාවත සරසාලා
",ක්ලැරන්ස් විජේවර්ධන,පැරණි පොප්,ක්ලැරන්ස් විජේවර්ධන,ක්ලැරන්ස් විජේවර්ධන,"


දහසක් වනමල් පිපී සැලේවී

ජීවන මංපෙත සරසාලා

ආදර ගීතේ තනුව කියාදී

ජීවන මීවිත සතුට සදාදී




","


දහසක් වන මල් පිපුණා

එය අනාගතය සඳහා එක් මාර්ගයක් විය

ආදර ගීතයේ තනුව කියමින්

ජීවිතයේ සතුට සදාකාලික ය




"
"Hanthane Manda Maruthe |  හන්තානේ මන්ද මාරුතේ
","හන්තානේ මන්ද මාරුතේ 
හැන්දෑවේ යන්තමින් ඇසේවි 
මා හා එදා ඔබ කී කතා 
සන්තාපේ සොතැවුල් එදා  
අපි දෙන්නා ආදරෙන් බෙදා 
සරසවියේ අපගේ ලෝකයේ ඇත ඒ අතීතේ 
හැන්දෑවේ සූළඟ හමනවා 
හන්තානේ තවම තියෙනවා 
මා තනිවෙලා ඔබ තනිවෙලා සිහිවෙවිදෝ 
නින්දේ ඔබ සිහිනයක් වෙලා 
කන්දේ අපි තැනක තනි වෙලා 
මගේ කුටියේ ඔබේ නම ලියා සිතුවමක් කලානේ 
හැන්දෑවේ සූළඟ හමනවා 
හන්තානේ තවම තියෙනවා 
මා තනිවෙලා ඔබ තනිවෙලා සිහිවෙවිදෝ
",ක්ලැරන්ස් විජේවර්ධන,කණ්ඩායම් ගීත,ක්ලැරන්ස් විජේවර්ධන,ක්ලැරන්ස් විජේවර්ධන,මගේ කුටියේ ඔබේ නම ලියා සිතුවමක් කලානේ ,මම මගේ නිදන කාමරයේ ඔබේ නම ලියා චිත්‍රයක් හැදුවා
Hindi Wadan |  හිංදි වදන් ,"හිංදි වදන් මියුරු හඬින් කියන සිතාරා 
සිංදු නදී ඉවුර දිගේ එන්න සිතාරා 
බ්‍රින්දා උයන දිහා චන්දන සිහිල රැඳී
භාරත කුසුම මගේ උන්නා සුවඳ දිදී
හිංදි වදන් මියුරු හඬින් කියන සිතාරා 
වරළ පුරා මල් පැළදි ලියේ 
දිගටි නෙතේ පෙම් කැළුම ප්‍රියේ 
මතක සිතේ දැන් මතක තියේ 
පූර්ණිමා...
හිනා වෙන්න ළඟින් ඉන්න
සකල කළා මල් පිපෙන රටේ 
ලලිත කළා මල් පොකුර මගේ 
නුඹට ළඳේ මං බැඳුණු හදේ 
සුරංගනා...
සුරල් නාද ඇසෙයි තාම
",ක්ලැරන්ස් විජේවර්ධන,පැරණි පොප්,ක්ලැරන්ස් විජේවර්ධන,අජන්තා රණසිංහ,"
හිංදි වදන් මියුරු හඬින් කියන සිතාරා 

නුඹට ළඳේ මං බැඳුණු හදේ 

සුරල් නාද ඇසෙයි තාම
","
සිතාරා හින්දි වචන මිහිරි හඬින් ගායනා කරයි

මගේ හදවත ඔබට බැඳී ඇත

මට තාමත් තනු ඇහෙනවා
"
Hiruge Lowedee |  හිරුගේ ලොවේදී ,"හිරුගේ ලොවේදී අපි වෙන්වෙමූ
සදුගේ රැයේදී යළි හමුවෙමූ
යළි හමුවෙමූ 
 සැකයේ වෙළිලා උදයේ හවා
 රැකවල් නැඟේ අප වටා
 ගොළුවී මුවාවී ඉමූ
 අදුරේ වෙළිලා රැය සීතලේ
 සිහිනේ උදාවූ ලොවේ
 මුමුණා සිනා සී ඉමූ
",ක්ලැරන්ස් විජේවර්ධන,පැරණි පොප්,ක්ලැරන්ස් විජේවර්ධන,කුලරත්න ආරියවංශ,"


සදුගේ රැයේදී යළි හමුවෙමූ
 ගොළුවී මුවාවී ඉමූ

 අදුරේ වෙළිලා රැය සීතලේ


","


රාත්‍රියේ අපි ආයෙත් හමුවුණා

මම සම්පූර්ණයෙන්ම පුදුම වුණා

රාත්රියේදී එය අඳුරු හා සීතලයි

"
Kanda Suriduni |  කඳ සුරිඳුනි ,"කඳ සුරිඳුනි ඔබේ ඔද තෙද දැක හද
පිබිදුනු සිතැතිව පුද දෙමු බැතියෙන
ඔබ යැදුමට ආවා අපි ඔබ පිදුමට ආවා
සත්ගිරි වට කොට ඔබේ නිවහන ඇත
සත්සිඳු පතලව ඔබේ කිතුගොස ඇත
ඔබ යැදුමට ආවා අපි ඔබ පිදුමට ආවා
මයුරාසන මත වැජඹෙන තෙදැතිව
උතුරන හදකින් පුදදෙමු බැතියෙන
ඔබ යැදුමට ආවා අපිඔබ පිදුමට ආවා
කඳ සුරිඳුනි ඔබේ පිහිට ලැබේවා
මගෙ රට සවුසිරියෙන් සපිරේවා
ඔබ යැදුමට ආවා අපි ඔබ පිදුමට ආවා
",ක්ලැරන්ස් විජේවර්ධන,ආශ්වාදජනකයි,ක්ලැරන්ස් විජේවර්ධන,ක්ලැරන්ස් විජේවර්ධන,"
පිබිදුනු සිතැතිව පුද දෙමු බැතියෙන

උතුරන හදකින් පුදදෙමු බැතියෙන

මගෙ රට සවුසිරියෙන් සපිරේවා


","
අපි පිබිදුණු මනසින් යාච්ඤා කරමු

අපි උණුසුම් හදවතකින් යාච්ඤා කරමු

මගේ රට ප්‍රීතියෙන් හා සතුටෙන් පිරී තිබිය හැක


"
Kandukaraye Seethale |  කඳුකරයේ සීතලේ ,"කඳුකරයේ සීතලේ මීදුම් තිර යා කෙරේ 
හඳුනා හද ආදරේ ගෙවමු අපි ජීවිතේ 
සවන් පුරා එන ඔබේ ගී නදින්
හදක් පිරී යනවා
නුවන් පිරී ගිය කඳුලැලි අතරින්
සිනා ගලා එනවා
අපේ වෙනස්කම් මකා දමා
සිතුම් පැතුම් නොමැකෙතියි අමා
මුවේ සිනා දුක මකා දමා පිබිදේ
",ක්ලැරන්ස් විජේවර්ධන,යුගල,ක්ලැරන්ස් විජේවර්ධන,ක්ලැරන්ස් විජේවර්ධන,"
කඳුකරයේ සීතලේ මීදුම් තිර යා කෙරේ 

හඳුනා හද ආදරේ ගෙවමු අපි ජීවිතේ 

අපේ වෙනස්කම් මකා දමා


","
කඳු සීතල මීදුමකින් වැසී ඇත

අපි අපේ ජීවිතයේ එකිනෙකාට ආදරය කරමු

අපි අපේ වෙනස්කම් අත්හැර දමමු


"
Kimada Nawe |  කිමද නාවේ ,"කිමද නා..වේ ඇයි නා..වෙ තරහ වී
කවුද කී..වේ බොරු කීවේ මගෙ දයා
පෙර නූ..යේ ඇයි වු..යෙ අද වාගේ......
කිමද නා..වෙ ඇයි නා..වෙ අද ඔයා
සැමදාම බලා සිටියා මගෙ කව්ලුව ලගට වෙලා 
කවදා..වත් නැ වු..යේ මෙ වා..ගෙ
මගෙ පැල්පත අද පාලුයි නිහඩයි අදුරයි ඇත්තේ 
කවදා..වත් නෑ වු..යෙ මේ වා..ගෙ
",ක්ලැරන්ස් විජේවර්ධන,කැලිප්සෝ,ක්ලැරන්ස් විජේවර්ධන,ක්ලැරන්ස් විජේවර්ධන,"
කිමද නා..වේ ඇයි නා..වෙ තරහ වී

පෙර නූ..යේ ඇයි වු..යෙ අද වාගේ......


","
ඇයි ඔබ ආවෙ නැත්තෙ, කෝප වෙලාද?

අද මොන වගේද කියලා


"
Kimada Nawe – කිමද නාවේ,"කිමද නාවේ ඇයි නාවෙ තරහ වී
කවුද කීවේ බොරු කීවේ මගෙ දයා
පෙර නූයේ ඇයි වුයෙ අද වාගේ
කිමද නාවෙ ඇයි නාවෙ අද ඔයා
සැමදාම බලා සිටියා 
මගෙ කව්ලුව ලගට වෙලා 
කවදාවත් නැ වුයේ මෙ වාගෙ
මගෙ පැල්පත අද පාලුයි 
නිහඩයි අදුරයි ඇත්තේ 
කවදාවත් නැ වුයේ මෙ වාගෙ
",ක්ලැරන්ස් විජේවර්ධන,සම්භාව්ය,ක්ලැරන්ස් විජේවර්ධන,ක්ලැරන්ස් විජේවර්ධන,"කවුද කීවේ බොරු කීවේ මගෙ දයා

කවදාවත් නැ වුයේ මෙ වාගෙ




","කවුද මට බොරු කිව්වේ?

එය කිසි විටෙකත් මේ ආකාරයෙන් නොවීය




"
Kiri Muhuda |  කිරි මුහුද ,"කිරි මුහුද කළඹාලා ගෙනා 
මගේ කුඩා පුතුටයි             
මුතු මාලිගාවෙන් මා ගෙනා
පැතුම් මගේ පුතුටයි
ගීතයයි මලයි සිහින ලෝකයයි
රන්තරුයි සඳයි පුතේ නුඹේ තමයි
හීනෙකින් නුඹේ දෙතොල් සැලෙයි ඉබේ
තරු මෙන් ගුවන් ගැබේ දිලෙයි දෙනෙත් ඔබේ
තාත්තගේ සිතේ පැතුම් පිරී ඇතේ
අම්මගේ සිතේ සෙනේ පිරී ඇතේ
ඔබේ කුඩා නෙතේ ඇළුම් බැළුම් පුතේ
සදා අපේ සිතේ රැඳී දිලෙයි පුතේ
",ක්ලැරන්ස් විජේවර්ධන,පැරණි පොප්,ක්ලැරන්ස් විජේවර්ධන,ක්ලැරන්ස් විජේවර්ධන,"හීනෙකින් නුඹේ දෙතොල් සැලෙයි ඉබේ

තරු මෙන් ගුවන් ගැබේ දිලෙයි දෙනෙත් ඔබේ


","ඔබේ තොල් සිහිනයක් මෙන් චලනය වේ

ඔබේ ඇස් අහසේ තරු මෙන් බබළයි


"
Kiri Sudu Sele |  කිරි සුදු සේලේ,"  කිරි සුදු සේලේ   ඇඳි ඇගෙ ලෝලේ
  ගෙල බැඳි මාලේ  ඇගෙ නෙතු දෑලේ
  පියකරු ලීලේ   ඒ   එ
ආයන්න කියවන්නෙ ඈ
මී බින්දු රස දෙන්නෙ ඈ
සිත පුංචි රිදවන්නෙ නෑ 
පංතියේ 
ඔබෙ පුංචි ඒ පංතියේ
ඉඳගන්න සිතෙහි තියේ
ඉඩ දෙන්න බැරිදෝ ලියේ
පංතියේ
",ක්ලැරන්ස් විජේවර්ධන,පැරණි පොප්,ක්ලැරන්ස් විජේවර්ධන,අජන්තා රණසිංහ,"
  කිරි සුදු සේලේ   ඇඳි ඇගෙ ලෝලේ","
ඇගේ පෙම්වතා සුදු කිරි සාරියක් ඇඳ සිටී
"
"Lapalu Sewane |  ලපලු සෙවනේ
","ලපලු සෙවනේ ලැගුම් අරගෙන
ඔබත් සමගින් තනිවෙලා
සුරත සුරතේ තබා දිවුරෑ 
වදන් අද ඇත ගොළු වෙලා
ඟඟේ ඉවුරේ වැලි තලාවේ අපේ නම් ලියලා 
ඔබ එදා කී රස කතාවන් සිතේ ගොළු වීලා
මලක් මියයන අයුරු අපගේ සෙනෙහෙ දම් බිඳිලා 
එසේ පවසන වටදි මා හද බිඳී යයි තැවිලා
",ක්ලැරන්ස් විජේවර්ධන,යුගල,ක්ලැරන්ස් විජේවර්ධන,ක්ලැරන්ස් විජේවර්ධන,"ඟඟේ ඉවුරේ වැලි තලාවේ අපේ නම් ලියලා 

ඔබ එදා කී රස කතාවන් සිතේ ගොළු වීලා

එසේ පවසන වටදි මා හද බිඳී යයි තැවිලා
","
අපේ නම් ගං ඉවුරේ වැල්ලේ ලියා ඇත

එදා ඔයා කියපු ලස්සන කතා ගොළුයි

මම එහෙම කියනකොට මගේ හිත කැඩෙනවා
"
Loke Jeevath Wannata |  ලෝකේ ජීවත් වන්නට,"ලෝකේ ජීවත් වන්නට ලස්සන ඕනෑ වේ
ලෝකේ ලස්සන වන්නට දෙදෙනෙකු ඕනෑ වේ 
මංජු... මංජු..
වසන්ත සමීරෙ විමානේ උපන්නියා
අනත්ත දයාව සෙනෙහේ විදින්නියා
කිරිල්ලි කැදැල්ලේ කුමක්ද සදන්නියා
තුරුල්ව නිදන්න තො‍ටිල්ල තනන්නියා 
යොවන සුළගේ මල් අතු නෑමී ගියා
සමනල වයසේ සිතුවිලි සැදී ගියා
සියුමැලි මා සිත ඔබ වෙත ඇදී ගියා
හදවත දොගොඩින් සෙනෙහස ගලා ගියා
",ක්ලැරන්ස් විජේවර්ධන,යුගල,ප්‍රේමසිරි කේමදාස්,ධර්මසිරි ගමගේ,"යොවන සුළගේ මල් අතු නෑමී ගියා

සියුමැලි මා සිත ඔබ වෙත ඇදී ගියා

හදවත දොගොඩින් සෙනෙහස ගලා ගියා
","තරුණ සුළඟේ මල් ගසාගෙන ගියේය

මගේ සිත ඔබ වෙත ඇදී ගියේය

සෙනෙහස හදවතින් ගලා ගියේය
"
Mage Palpathe | මගෙ පැල්පතේ ,"මගෙ පැල්පතේ මා අඳුරේ වෙලී මා 
තනියේ ගිලී මා ගයමී මෙසේ
කඳුලයි සිනාවයි ඔබගේ කතාවයි
ගමනේ ලතාවයි සිගිවේ හදේ
මගේ ජීවිතේ ඔබ නිසා ඇත වෙන් වී
කවදත් ඔබයි ආදරේ මට ලන්වී
මාගේ සිතේ සැනසුමක් ඇති වේ නම්
ඒ ඔබ ගැනයි ආදරේ සැක නෑ දැන්
ඔබ කී කතා රස කතා අද වාගේ
සිහිවේ ලයේ සැනසුමයි එය මාගේ
සැමදා මෙසේ සිත සිතා මම ඉන්නම්
ලැබුනොත් ප්‍රියේ වාසන් අත ගන්නම්
",ක්ලැරන්ස් විජේවර්ධන,කැලිප්සෝ,ක්ලැරන්ස් විජේවර්ධන,ක්ලැරන්ස් විජේවර්ධන,"
මගෙ පැල්පතේ මා අඳුරේ වෙලී මා 

කඳුලයි සිනාවයි ඔබගේ කතාවයි

මගේ ජීවිතේ ඔබ නිසා ඇත වෙන් වී

ඔබ කී කතා රස කතා අද වාගේ




","
මගේ පැල්පතේ මම අඳුරේ සිටිමි

කඳුළු සහ සිනහව ඔබේ කතාව කියයි

ඔබ නිසා මගේ ජීවිතය වෙන් විය

ඔයා කියපු කතා අද වගේමයි




"
Mahalu Wiye Gatha |  මහලු වියේ ගත,"මහලු වියේ ගත මැලවී 
නැති බැරිවී තනි උන දා 
අද දකිනා ඔය සිනහා 
ඔබේ දෙතොලේ පවතීදෝ
මගෙ ඇසුරේ හිත මිතුරෝ 
මා හඳුනා හිනැහේදෝ
මහළු වියේ නිවුන ළයේ 
රැඳෙන පැතුම් ඉටුවේදෝ
අවර ගිරේ හිරුද වගේ
හෙට දිනයේ ඇහැරේදෝ
අද ඇසෙනා සොඳුරු කතා
එදින ඉතින් පවතීදෝ
",ක්ලැරන්ස් විජේවර්ධන,ගෝල්ඩන් පොප්,සුපිරි ගෝල්ඩන් චයිම්ස්,සුපිරි ගෝල්ඩන් චයිම්ස්,"මා හඳුනා හිනැහේදෝ

රැඳෙන පැතුම් ඉටුවේදෝ

හෙට දිනයේ ඇහැරේදෝ

අද ඇසෙනා සොඳුරු කතා","ඔයාට තාම මාව මතකද?

ඔබේ පැතුම් යථාර්ථයක් වේවිද?

ඔබ හෙට අවදි වෙනවාද?

මිහිරි කතා ටිකක් අද අහන්න ලැබුණා"
Malaniye Ma |  මාලිනියේ මා ,"හිරු පිබිදෙන විට කඳුවැල් අතරින් 
රැස් දහරක් වී ඔබ එන්නේ
නෙත් හරවා මම ඉවත බැලූ විට 
මල් කැකුලක් වී හිනැහෙන්නේ
මාලිනියේ මාලිනියේ මාලිනියේ මා ලාලනියේ
ඔබගෙන් වෙන් වී තනිවී ඉන්නට 
ඇයි මාගේ සිත විමසන්නේ
එනමුත් එසේ මා තනිවූ මොහොතක 
සිතුවිල්ලක් වී ඔබ එන්නේ
නිදි යහනේ මා දෙනෙත් වැසූ විට 
සිහිනෙක දැවටී ඔබ එන්නේ
ගීයක පද මැද තනිවූ මොහොතක 
තනුවක් වී සවනට එන්නේ
",ක්ලැරන්ස් විජේවර්ධන,කැලිප්සෝ,ක්ලැරන්ස් විජේවර්ධන,ක්ලැරන්ස් විජේවර්ධන,"සිහිනෙක දැවටී ඔබ එන්නේ


","ඔබ සිහිනයකින් පැමිණේ


"
Malata Bambareku Se | මලට බඹරෙකු සේ,"මලට බඹරෙකු සේ සිතට ඔබ එනවා
කිරණ සේ හිරුගේ හද සිනාසෙනවා
ඔබ සිනාසෙනවා
දුකින් සිත මැලවී සිටින මොහොතකදී
ඔබ ගැනයි සිතුවේ නිවෙයි දුක පහවී
ලොව පහන් වෙනවා රැය කරා යනවා
දහස් වර අතරේ ඔබව සිහි වෙනවා
",ක්ලැරන්ස් විජේවර්ධන,පැරණි පොප්,ක්ලැරන්ස් විජේවර්ධන,ක්ලැරන්ස් විජේවර්ධන,"
මලට බඹරෙකු සේ සිතට ඔබ එනවා

ඔබ ගැනයි සිතුවේ නිවෙයි දුක පහවී","
ඔබ මා වෙත එන්නේ මලකට බඹරෙකු මෙනි

මම ඔබ ගැන සිතමින් සිටියෙමි, දුක පහව ගියේය"
Male Handawe | මලේ හැන්දෑවේ,"මලේ හැන්දෑවේ වහින වෙලාවේ
මගේ මීණා දළු නෙලන වෙලාවේ
පමාවෙලා..නිමාවෙලා
මලේ හැන්දෑවේ වහින වෙලාවේ
නළලලේ තිලකේ රතු පැහැය සේදිලා
ගඟුලේ සුරවී ඒ පඳුරු හීරලා
තෙමිලා තෙමිලා 
ගත සීතලෙන් වෙලී ගියා ද 
ආ පවන් රැලේ
බඳුනේ පහසේ ඔබ කෙරෙහි ආදරේ
ඇති දෝ නැතිදෝ ඔය පැතුම මා කෙරේ..
නොදැනේ නොහැඟේ
මම මා හදේ බැදී පැතුම් 
කියන්න දෝ කෙසේ
",ක්ලැරන්ස් විජේවර්ධන,පැරණි පොප්,ක්ලැරන්ස් විජේවර්ධන,ක්ලැරන්ස් විජේවර්ධන,"කියන්න දෝ කෙසේ
","මට කියන්න කොහොමද කියලා
"
Manamali Siriyawi |  මනමාලී සිරියාවී ,"මනමාලී සිරියාවී අද පෝරුව මත නැඟිලා
සුකුමාලී සුරනාලී අද ඔබේ දිනය වෙලා
හඬලා දොඩලා දෙවියන් යැදලා
සුභ මොහොතින් එනවා
ගීයක් වාගේ ලස්සන ලෝකේ
දිගුකල් යෙහෙන් වැජඹේවා
නෑබුල් ලෝකේ සැප හා සෝකේ
වටහා හොඳින් සැරදේවා 
ජීවිත කාලේ රැදෙමින් ආලේ
විශ්වාසයෙන් එකතු වේවා
මල් මල් ලෝකේ මංගල යෝගේ
සුභ මංගලේ සතුට දේවා 
",ක්ලැරන්ස් විජේවර්ධන,පැරණි පොප්,ක්ලැරන්ස් විජේවර්ධන,ක්ලැරන්ස් විජේවර්ධන,"දිගුකල් යෙහෙන් වැජඹේවා

නෑබුල් ලෝකේ සැප හා සෝකේ






","ඔබ දීර්ඝායුෂ ලැබේවා

ලෝකයේ හොඳ සහ නරක කුමක්ද?






"
Maniyane | මෑනියනේ,"මෑනියනේ හද සෙවන ගෙනෙන නිවන ඔබ තමා
මා ළයෙහි සුව මිහිර මවන පහන ඔබ තමා
ජීවිතයේ මා සොඳුරු මිහිරි සිහින ඔබ තමා..
මෑණියනේ.. ඔබ දෙපය අසල වඳිමි දන නමා
ඔබෙ හසරැලි ඔබෙ කඳුලැලි මට දැක පුරුදුයි
ඔබෙ උදහස ඔබෙ අදහස මට හුරු පුරුදුයි
සිරැර පුරා දිවයන ලේ සුවද සුපුරුදුයි
සිරස නමමි ඔබෙ නාමය සදැ පිවිතුරුයි
",ක්ලැරන්ස් විජේවර්ධන,පැරණි පොප්,ක්ලැරන්ස් විජේවර්ධන,ක්ලැරන්ස් විජේවර්ධන,"
මෑනියනේ හද සෙවන ගෙනෙන නිවන ඔබ තමා

මා ළයෙහි සුව මිහිර මවන පහන ඔබ තමා

ජීවිතයේ මා සොඳුරු මිහිරි සිහින ඔබ තමා..

ඔබෙ හසරැලි ඔබෙ කඳුලැලි මට දැක පුරුදුයි

ඔබෙ උදහස ඔබෙ අදහස මට හුරු පුරුදුයි
","
ඔබ මිනිසාගේ හදවත සෙවන කරන නිර්වාණයයි

මගේ හදවත සුවපත් කරන පහන ඔබයි

ඔබ මගේ ජීවිතයේ ප්‍රියතම සිහින ය

මම ඔබේ කඳුළු දැකීමට පුරුදු වී සිටිමි

මම ඔබේ කෝපය සහ ඔබේ අදහස් හොඳින් දනිමි
"
Moratuwa Moratuwa |  මොරටුව මොරටුව,"මොරටුව මොරටුව ඒ නොමැකෙන නම
ලක් මව සැරසුව මොරටුව අපෙ ගම
කොතැනත් මුල් තැන රැකගත් දස්කම
මවු බිම අගයන එකයි මොරටු කම 
ලී බඩු ගැන නම ලක්බිම රන්දා
මසුන් මරන ඔරු සයුරට කැන්දා
ආදර හොඳ හිත සැම වෙත රන්දා
මොරටුව වැජඹෙයි අද ජයකොඩි බන්දා
කොතන වුනත් අපි එකමුතු වන්නේ
මොරටු ගමේ සිරි නිතරම පවසන්නේ
පෙරට තැබූ පය නැත ආපසු ගන්නේ
පූරුවෙ පිනටයි අපි මොරටුවේ උපන්නේ
",ක්ලැරන්ස් විජේවර්ධන,පැරණි පොප්,ක්ලැරන්ස් විජේවර්ධන,ක්ලැරන්ස් විජේවර්ධන,"කොතන වුනත් අපි එකමුතු වන්නේ

","අපි කොහේ හිටියත් අපි එකමුතුයි

"
Muhudu Ralla Osse | මුහුදු රැල්ල ඔස්සේ ,"මුහුදු රැල්ල ඔස්සේ ඔරුවක් පැදයනවෝ
නිම් වලල්ල ඔස්සේ ගැවි ගැවි යනවෝ
ඈත දියඹ සොයලා ඉව කරමින් යනවෝ
ඈත මෑත බලලා අපි මාලු බාලා එනවෝ
ඔරුව පැදල යන්නේ රෑට නිදි මරන්නේ
දරුවො අඹු රකින්නේ අපි මාලු බාලා එන්නේ 
දෑතේ සවිය ගන්නේ ඔරුව පැදල යන්නේ
වෙරළ දුර පෙනෙන්නේ අපි මාලු බාලා එන්නේ 
",ක්ලැරන්ස් විජේවර්ධන,කැලිප්සෝ,ක්ලැරන්ස් විජේවර්ධන,ක්ලැරන්ස් විජේවර්ධන,"








දරුවො අඹු රකින්නේ අපි මාලු බාලා එන්නේ ","








ළමයි බලාගන්නේ මාළු විකුනලා
"
Muthu menike – මුතු මැණිකේ,"මුතු මැණිකේ උදේ රැයින් මුතු පොට සේ හිනාවෙයන්
හිමිදිරියේ සිත සපුරා හිනාවෙයන්කෝ
පුර පෝදා හඳ වාගේ 
හිනාවෙයන් ළඳ මාගේ
මුතු මැණිකේ හිනාවෙයන්කෝ
පුංචි ගොයම් කිරි වැදිලා ගිරා නිලෙන් ඔප වැටිලා
හේනෙ පැලේ හනි හනිකේ හිනාවෙයන්කෝ
රණ මොණරෝ රණ මොණරෝ
හනික වරෙන් මගෙ මිතුරෝ
මුතු මැණිකේ හිනාවෙයන්කෝ
පලා පාට වියනක් සේ ගිරා රෑන් ආකාසේ
අන්න බලන් ඔබ සොයාන පියා සරන්නේ
මාත් මෙහේ ඉන්න තුරා
උන්ට හිතක් දෙන්න එපා
රහසේ මට බහක් දියන්නේ
",ක්ලැරන්ස් විජේවර්ධන,කැලිප්සෝ,ක්ලැරන්ස් විජේවර්ධන,අජන්තා රණසිංහ,"
හිමිදිරියේ සිත සපුරා හිනාවෙයන්කෝ
","
උදේට හදවතින්ම හිනා වෙන්න"
Muthu Warusawak |  මුතු වරුසාවක් ,"මුතු වරුසාවක් වැහැලා
නෙත අපගේ බැඳුණ දිනේ
ඔබයි මමයි ජීවිතයේ
සුවයක් ලද ඒ සොඳුරු දිනේ 
බින්දු බින්දු වැහි වැටුණා
සෙවණ සොයා නෙත ඇදුණා
දෙනෙතේ දැක ආරාධනා
ඔබ මා අසලට ආ දිනේ
නෙත බැන්දු රූ එදා ඔබගේ
සිත ආදරෙන් බැඳී තිබුණා
මුතු වරුසාවක් මාවතේ
සෙනෙහස අඳුනයි ජීවිතේ
",ක්ලැරන්ස් විජේවර්ධන,පැරණි පොප්,ක්ලැරන්ස් විජේවර්ධන,තිලක රාජපක්ෂ,"දෙනෙතේ දැක ආරාධනා




","මා බැලීමට පැමිණෙන ලෙස මම ඔබට ආරාධනා කරමි




"
Muwa Hasrali |  මුව හසරැලි ,"මුව හසරැලි සාගරයේ මුතු වැලක් වෙලා
නෙත් අඹරේ පායලා තරු දෙකක් වෙලා
දේදුන්නක සඟවලා දෙතොල් රත සලා
ඔබ මගෙ මුළු ජීවිතේ රඟහලක් කළා 
සඳ විමනේ විසිතුරු පවසා 
නෙත් එළියෙන් තොරතුරු විමසා
පිය වදනේ සළුවත දවටා 
සැනසිල්ලේ උණුසුම ගවසා
ඔබ නළවන්නම් ඔබ සනසන්නම්
නොමියෙනසුළු අදරයක කතා කියන්නම්
සඳ විමනේ සොමිගුණ මවලා 
දේදුන්නක සිසිලස ඔතලා
මල් කෙමියක මදුරස සොයලා 
සල් අරණක පවනැලි නිවලා
ඔබ නළවන්නම් ඔබ සනසන්නම්
නොමියෙනසුළු අදරයක කතා කියන්නම්
",ක්ලැරන්ස් විජේවර්ධන,ගෝල්ඩන් පොප්,ක්ලැරන්ස් විජේවර්ධන,උපාලි ධනවලවිතාන,"නොමියෙනසුළු අදරයක කතා කියන්නම්
","මම අමරණීය කතන්දර කියන්නම්
"
Namal Aye | නාමල් ආයේ ,"නාමල් ආයේ පිපුනාවේ 
නෑ මං ආයේ විමසන්නේ 
ඉක්මන් වෙලා සැමට ඔබ කී කතා 
විශ්වාස කරගන්න බැරි වූ නිසා 
කකියයි මගේ මනස රිදවූ නිසා 
කම් නෑ ඉතිං දෙහද වෙන්වූ නිසා  
සිත ගත දෙක සනසාලා මගෙන් වෙන් වීලා
කෙනෙක් සනසාලා…… ආ
මගේ පාමුල වැඳ වැටිලා ඔබ කීවත් නෑ කියලා 
නෑ මං ආයේ පිළිගන්නේ
දුක සැප දෙක මගෙ ජීවේ දරන්නට ආවේ
ඔබයි සැනසුවේ….ඒ 
මගෙ ආදර සිහිනය වී ඔබේ ගේ රුව ඇත බොඳවී 
නෑ මං ආයේ විමසන්නේ
",ක්ලැරන්ස් විජේවර්ධන,පැරණි පොප්,ක්ලැරන්ස් විජේවර්ධන,කැමිලා පෙරේරා,"
කකියයි මගේ මනස රිදවූ නිසා 

කම් නෑ ඉතිං දෙහද වෙන්වූ නිසා  

දුක සැප දෙක මගෙ ජීවේ දරන්නට ආවේ

මගෙ ආදර සිහිනය වී ඔබේ ගේ රුව ඇත බොඳවී 
","
මගේ හදවත රිදෙන නිසා

දෙන්නා වෙන් වෙලා නිසා ඒක අදාල නෑ

දුකයි සතුටයි දෙකම මගේ ජීවිතේට ආවා

මගේ ආදරය පිළිබඳ සිහිනය බොඳ වී ඇති අතර ඔබේ රූපය බොඳ වී ඇත
"
Pathum Lowe Muthu |  පැතුම් ලොවේ මුතු,"පැතුම් ලොවේ මුතු අමුණා සොඳුරු ජිවිතේ
ආත්මයෙන් ආත්මයට පුදමී ඔබ වෙතේ 
ඔබේ සිහින චායාවේ මගේම රුව ඇදුනාවේ
බඹර තුඩින් මතුවෙනවා රුවන් ගීතිකා
ඔබේ දෙතොල් යහනාවේ මගේ ගිමන් නිමුනාවේ
අහස් විලේ වළා මැදින් පිපෙන තාරකා
ඔබේ සුපෙම් වීණාවේ මගේම ගී වැයුනාවේ
හදේ පැතුම් සිතුම් මතින් එන්න ප්‍රිය ළදේ
ඔබේ කඳුළු යමුනාවේ අසනිය මල් පිපුනාවේ
කඳුළු මැදින් සිනා සලා එන්න ප්‍රිය ළදේ
",ක්ලැරන්ස් විජේවර්ධන,පැරණි පොප්,ක්ලැරන්ස් විජේවර්ධන,කැමිලා පෙරේරා,"අහස් විලේ වළා මැදින් පිපෙන තාරකා

ඔබේ සුපෙම් වීණාවේ මගේම ගී වැයුනාවේ






","වළාකුළු පිරි අහසින් තරු පෙනෙයි

මගේම ගීතය ඔබේ ආදරණීය වීණාවෙන් ගායනා කළා






"
Ra Seetha Nalawal – රැ සීත නලවල් ඇදී,"රැ සීත නලවල් ඇදී 
බෝමළුවේ ලාපත් සැලී
සැනසේවි මා හද නිවී
ආශාවෙ රෑනෙන් මිදී 
සංසුන්ව සිත සංසිදී
සොඳුරී කැළුම් රන් සැලී
සෝ දුක් නොවේවා යළී
මල් තෙල් පහන් දැල්වෙනා 
සිසිලෙන් පැතූ කල්පනා
පිබිදී නැගී වේදනා
සුසුමන් හදින් පාවුනා
",ක්ලැරන්ස් විජේවර්ධන,ගෝල්ඩන් පොප්,ක්ලැරන්ස් විජේවර්ධන,අජන්තා රණසිංහ,"ආශාවෙ රෑනෙන් මිදී 

සංසුන්ව සිත සංසිදී




","ආශාවේ ග්‍රහණයෙන් නිදහස් විය

ඔබේ මනස කේන්ද්‍රගතව තබා ගන්න




"
Rahase Handana |  රහසේ හඬනා ,"රහසේ හඬනා අප හැඟුම්
ලොව නෑ දන්නේ අප පැතුම්
 ලා සඳු පායනා රැයේ
පිණි සේ තරු සේ
තනි වී තැවෙනා පෙම් සුසුම් 
හිරිමල් වයසේ සෙනෙහෙන් බැඳී එදා
මතකේ නොමියේ ඔබ මා සිතින් සදා
ආදරයේ රස මියුරු වේදනා
සඳ රෑ සිහිනේ සෙවණැල්ල සේ වෙලී   
ඉමු අපි සොඳුරේ සුපුරුදු ලෙසින් බැඳී
ආදරයේ රස මියුරු වේදනා
",ක්ලැරන්ස් විජේවර්ධන,පැරණි පොප්,ක්ලැරන්ස් විජේවර්ධන,කිටසිරි නිමල් ශාන්ත,"


ලොව නෑ දන්නේ අප පැතුම්","


අපට අවශ්‍ය දේ ලෝකය දන්නේ නැත
"
Ran Dunuke |  රන් දුනුකේ ,"රන් දුනුකේ මල සේ රන් මැනිකේ සැරසේ
පති කුලයේ කුමරා ඇය කැදවා යනවා
සුදු සේල ගතේ එතුනා 
ගෙල මාල හතක් බැදුනා
රස විහිලු කතා ඇසුනා  
මුව කොල සිනා පිපුනා 
ඇගෙ මෑණි පියා දෙදෙනා 
පොඩි දොනි කියා කියනා
මේ රූපෙ යොවුන් ලලනා 
අද දීග ගමන් යනවා
",ක්ලැරන්ස් විජේවර්ධන,පැරණි පොප්,ක්ලැරන්ස් විජේවර්ධන,ක්ලැරන්ස් විජේවර්ධන,මුව කොල සිනා පිපුනා ,"
මුහුනට සිනහවක් ආවා"
Sanakeliye |  සැණකෙළියේ,"සැණකෙළියේ සඳ එළියේ දිමුතු ලතාවයි 
සිළි සිළියේ සියුමැලියේ ඔමරි හිනාවයි 
ඔමරි හිනාවයි ඔමරි හිනාවයි 
සැණකෙළියේ සඳ එළියේ දිමුතු ලතාවයි
නෑ කිසි දුකක් සිතේ සීතල පවන් වැදේ 
හිරිමල් යොවුන් විලාසේ 
දෑසින් හොරෙන් වගේ ආදර හැඟුම් මැවේ 
සමනළ ගමන් ලතාවේ
මහ බඹු කොටා ඇතේ ඉරණම සිනාසුනේ 
කාගෙද කවුදෝ දන්නේ 
ජීවන ගමන් මගේ මාවත වෙනස් වුණේ 
අද රෑ විනෝද වන්නේ
",ක්ලැරන්ස් විජේවර්ධන,චිත්රපට ගීත,ක්ලැරන්ස් විජේවර්ධන,සිරිල් ඒ සීලවිමල,"දෑසින් හොරෙන් වගේ ආදර හැඟුම් මැවේ 
","
හොරෙන්ම ආදරයක් ඇතිවුනා
"
Sanda Ek Dinak |  සඳ එක් දිනක්,"සඳ එක් දිනක් තරු හා බිඳී 
විමසා බලා අඳුරේ රැඳී
තරුවැල් ඉතින් තනිවී සිටින්
සිටියා බලා සඳ එයි කියා 
අප අතරේ මතු සසරේ සිත ළං වේවා
නොසැලී හමු වේවා
ඈත ඈත ලොව බලා යමු පියාසලා
ඔබ එන්නෙ කවදාදෝ සිත විමසන්නේ
මඟ බලමින් ඉන්නේ
ඈත ඈත ලොව බලා යමු පියාසලා
",ක්ලැරන්ස් විජේවර්ධන,පැරණි පොප්,ක්ලැරන්ස් විජේවර්ධන,ක්ලැරන්ස් විජේවර්ධන,"
සිටියා බලා සඳ එයි කියා 
",අපි සඳ එනතුරු බලා සිටියෙමු
Sanda Gilunath |  සඳ ගිලුනත්,"සඳ ගිලුනත් හිරු ගිලුනත් මට කමක් නෑ
තරු වැටුනත් මල් හැලුනත් මට කමක් නෑ
ඔබ මා ලඟ සිටිනවනම් 
කමක් නෑ... කමක් නෑ... කමක් නෑ... 
දවස ගෙවා සිහින් රැයේ
ඔබව සොයා බලන පැයේ
මට සිතුනා ඔබට ප්‍රියේ
කියන්නෙමී රහස ලයේ
මගතොට දී හමුවෙනවා
දෑස පුරා සිනැහෙනවා
කථා කලා සිනාසුනා
සිහිනෙන් මා අද දකිමී
",ක්ලැරන්ස් විජේවර්ධන,පැරණි පොප්,ක්ලැරන්ස් විජේවර්ධන,ක්ලැරන්ස් විජේවර්ධන,"
සඳ ගිලුනත් හිරු ගිලුනත් මට කමක් නෑ","මොන දෙවල් උනත් මට කිසි ගානක් නෑ
"
Sanda Pane Gaman |  සඳ පානේ ගමන්,"සඳ පානේ ගමන් යන්න සවනට කොඳුරා කියන්න
ඔබ එනකන් බලන් ඉන්නදෝ...
සඳ නැතිදා කතා වෙන්න මගෙ පාළුව මකාගන්න
මිතුරෙක් මා සොයාගන්න දෝ...
සවන පුරා... මිහිර උරා...
ඔබගේ ගි හඬින්ද මත් උනේ මෙමා
මවන සිනා... දෙනත පුරා...
ඔබගේ ඒ රුවින් ද මත් උනේ මෙමා 
එරබඳු මල් ... කැකුලු පිපී... 
රතු පාටින් වැසී ගියා මට මතකයි
කොවුල් හඬයි... අවුරුද්දයි...
ඔබේ සිනා හඬින් වැසී ගියා වගෙයි
",ක්ලැරන්ස් විජේවර්ධන,පැරණි පොප්,ක්ලැරන්ස් විජේවර්ධන,ක්ලැරන්ස් විජේවර්ධන,"ඔබගේ ඒ රුවින් ද මත් උනේ මෙමා 


","ඔබේ බැල්මෙන් මම මත් වෙලා

"
Sanda Walawan |  සැන්දෑ වලාවන්,"සැන්දෑ වලාවන් පා වුනා‍වේ 
වැල්‍‍‍‍‍‍‍‍ලේ මා තනි වු ‍‍‍වෙලේ
ඇය එන්නේ දෝ  මග එන්නේදෝ 
සිතහි නම් සැකයක් ඇ‍තේ
මාගේ සැනසුම ඈ වේ
නිරතුරු හමුව‍න්නේ කොහෙ‍දෝ යළි
පැතුමන් මගේ සිඳ බිඳ දාලා 
ඉන්නේ ඇයි මිහිරේ 
ජීවේ වෙරළින් ආවේ 
ඔබවයි මා සිත පිළිගන්නේ
පැතුමන් මගේ සිඳ බිඳ දාලා 
ඉන්නේ ඇයි මිහිරේ 
",ක්ලැරන්ස් විජේවර්ධන,පැරණි පොප්,ක්ලැරන්ස් විජේවර්ධන,ක්ලැරන්ස් විජේවර්ධන,"
සැන්දෑ වලාවන් පා වුනා‍වේ 

වැල්‍‍‍‍‍‍‍‍ලේ මා තනි වු ‍‍‍වෙලේ

ඇය එන්නේ දෝ  මග එන්නේදෝ 

සිතහි නම් සැකයක් ඇ‍තේ
","
වලාකුළු සවස පාවී ගියේය

මම වැල්ලේ තනිව සිටියෙමි

ඇය එනවද නැද්ද?

හිතේ යම් සැකයක් තියෙනවා
"
Sandai Tharui Reyai |  සඳයි තරුයි රැයයි ,"සඳයි තරුයි රැයයි හිරුයි මගේ මේ ලොවේ
මමයි ඔබයි අපේ සිතයි සදා වෙන් නොවේ
මද සිනහා රතු දෙතොලේ
මට නොපෙනී හද හැකිලේ
මා සොඳුරු මිහිරි සිහින ඔබ ගැන දුටිමි
ඒ සිහින සැබෑ ලොවේ මිය යනු දුටිමි
කොවුල් ගීත මගේ සවනේ පිළි රැව් දුන්නා
අඳුරු වී මගේ ගත සිත මට දුක දුන්නා
මද සිනහා රතු දෙතොලේ
මට නොපෙනී හද හැකිලේ
",ක්ලැරන්ස් විජේවර්ධන,පැරණි පොප්,ක්ලැරන්ස් විජේවර්ධන,ක්ලැරන්ස් විජේවර්ධන,"


මමයි ඔබයි අපේ සිතයි සදා වෙන් නොවේ





","


අපි කවදාවත් එකිනෙකාගෙන් වෙන් වෙලා නැහැ





"
Sandak Besa Giya |  සඳක් බැස ගියා,"සඳක් බැස ගියා අවරගිරේ ඉරක් උදා කරලා
මටත් ලොවක් තිබුණා මතකයි මම ඉමි සිහි කරලා
දෙළුම් මල් පිපුණු දෙවැට දිගේ පාසල් ගිය කාලේ
මල් වගේ සිනාසුණු කෙල්ලන් හා මතකයි මගේ බාලේ
විවේකයක් ලද විටදි අපි දුවපැන ඇවිදිනවා
ගණන් තමයි මගෙ සිතට වදේ නිතරම වරදිනවා
ගමේ පාසලේ වැඩට අපි පෙරමුණ ගෙන යනවා
තවත් වරක් 
තවත් වරක් මට පාසල් යන්නට ලැබුනොත් මම යනවා
ඉමක් කොනක් නැති අහස වගේ කෙළිලොල් දිවිය මගේ
මලක් පිපී සුවඳින් පිරුණාසේ  මුහුණේ සිනහ රැඳේ
දුකක් සිතේ දැනුනේ නෑ මා හට අද මට දැනෙනු වගේ
තවත් වරක්
තවත් වරක් මට පාසල් යන්නට ලැබුනොත් හරිම අගේ
",ක්ලැරන්ස් විජේවර්ධන,පැරණි පොප්,ක්ලැරන්ස් විජේවර්ධන,ක්ලැරන්ස් විජේවර්ධන,"තවත් වරක් මට පාසල් යන්නට ලැබුනොත් හරිම අගේ
",මට ආයෙත් ඉස්කෝලේ යන්න පුළුවන් නම් මම යනවා
Sewanali Wage |  සෙවනැලි වාගේ,"සෙවනැලි වාගේ ඔබේ මගේ 
අපි දෙන්නා අපි දෙන්නා
 එක කාලෙක ලන්වි උන්නා 
විකසිත වු මා ඒ කාලේ
සිතන්න ඔබ ගැන මොහොතක් මදී විය
ඉවසන්නට මගෙ සිත ඉඩ නැතිවිය   
තනි විලා 
ඔබහා ඉදගෙන කතාකරන්නට දවසක් මදී විය 
අද සිතනාදේ නොබියව ලියවෙ
ගෙවූනු අතිතය මිහිරෙන් නැහැවෙයි 
තනි විලා 
ඔබහා ඉදගෙන කතාකරන්නට දවසක් මදී විය
",ක්ලැරන්ස් විජේවර්ධන,පැරණි පොප්,ක්ලැරන්ස් විජේවර්ධන,ක්ලැරන්ස් විජේවර්ධන,"ඔබහා ඉදගෙන කතාකරන්නට දවසක් මදී විය
","ඔබ සමඟ වාඩි වී කතා කිරීමට එක් දිනක් ප්රමාණවත් නොවීය
"
Sihina Genena |  සිහින ගෙනෙන ඔබ,"සිහින ගෙනෙන ඔබ කවුරුන්දෝ
අලුත් සිහිනයක් මට නැතිදෝ
සුපුරුදු එක සිහිනෙම දැකලා
සිතේ සතුට මගෙ ඇත මැකිලා
ගත වෙහෙසා මම යහනට ආ විට
දෙනෙත් වැසී යයි නොදැනී මා හට
සිසිලක් දැනෙයි මට ඒ මොහොතේ
සුපුරුදු සිහිනය පෙනෙයි සිතේ 
පැහැදිලි නැති එක රුවක් ඇතේ
සිහිනෙන් දැකුමට පැතුම් සිතේ
සිහිනෙන් ඒ රුව දැකගන්න
මටත් වරක් අවසර දෙන්න
",ක්ලැරන්ස් විජේවර්ධන,පැරණි පොප්,ක්ලැරන්ස් විජේවර්ධන,ක්ලැරන්ස් විජේවර්ධන,"




සිතේ සතුට මගෙ ඇත මැකිලා

ගත වෙහෙසා මම යහනට ආ විට

දෙනෙත් වැසී යයි නොදැනී මා හට","




මගේ සතුට නැති වී ඇත

මම ඇඳට එන විට මම වෙහෙසට පත්ව සිටියෙමි

මගේ ඇස් පියවෙන බව මම දැන සිටියේ නැත
"
Sithe Susum |  සිතේ සුසුම්,"සිතේ සුසුම් නිවනා ගායනා
ඔබෙ සවන් සොයා සැණෙකින් පාවෙනා
 මැදියම් රැයේ රැඟුමන් රඟා
මතක ලෝකේ වේදනා අමතක කළා
නැවුම් ගීයක් සිතට එන්නේ
රස විඳින්නයි අප ගයන්නේ
අසිරි ලෝකේ සුරපුරක් වේ
මතක ලෝකේ දුක් නිමාවේ
යොවුන් විය නෑ නිති රැඳෙන්නේ
නොසිතු විලසින් ඉගිල යන්නේ
දිමුතු පහනක් සේ උදාවේ
අඳුරුවී එය නිවී යන්නේ
",ක්ලැරන්ස් විජේවර්ධන,කණ්ඩායම් ගීත,ක්ලැරන්ස් විජේවර්ධන,ක්ලැරන්ස් විජේවර්ධන,"රස විඳින්නයි අප ගයන්නේ

දිමුතු පහනක් සේ උදාවේ


","අපි ගායනා කරන්නේ රසවින්දනය සඳහායි

එය පහනක් මෙන් පෙනේ


"
Sudu Menike |  සුදු මැණීකේ ,"සුදු මැණීකේ  මගේ මැණිකේ
අළුයම හිරු එලිය වගේ නේ
කැකුළු මල් අග පිපුනා
මගේ හදවත බැදුනා
තව මෙවන් දෙයක් නැතැයි සිතෙන්නේ
නිල් දෑසේ රුව දැකලා මල් රහසේ හිනහේනවා
සුදු මැණීකේ මම එනවා ඔබ කැන්දාගෙන එනවා 
ඇල් හේනේ පැල් රැකලා කල් යන්නේ නිදි මරලා
සුදු මැනිකේ ගැන සිතලා මම ඉන්නේ මග බලලා
",ක්ලැරන්ස් විජේවර්ධන,කැලිප්සෝ,ක්ලැරන්ස් විජේවර්ධන,ක්ලැරන්ස් විජේවර්ධන,"


කැකුළු මල් අග පිපුනා








","


කොළ පැහැති මල් පිපෙන ලෙස දිස් විය








"
Suwandak Danewi |  සුවඳක් දැනේවි,"සුවඳක් දැනේවි හදේ හි ආදර ලෝකේ හා හා
කුමරෙක් ඇවිදින් සිටීවිකුමරී කොහේද මා හා
 කුමර චංචල කාලේ
  බඹර කිංකිණි නාදේ
  මාගෙ වස්දඬු ගී රාවේ
  ගීත රැල්ලයි නාදෙ රැව් දෙයි
  මහද කුල්මත් වේ 
 ලලිත සෙල්ලම් වයසේ
 තරුණ යෞවන අහසේ
  පාට දේදුනු පායාලා
  ඈත රන්වන් සීත මල් දම්
  දෑසේ රැන්ඳිලා
",ක්ලැරන්ස් විජේවර්ධන,චිත්රපට ගීත,ප්‍රේමසිරි කේමදාස්,ක්ලැරන්ස් විජේවර්ධන,"
සුවඳක් දැනේවි හදේ හි ආදර ලෝකේ හා හා




","
ප්‍රේම ලෝකයේ සුවඳක් හදවතට දැනේවි

"
Wana Bambaro |  වන බඹරෝ ,"වන බඹරෝ වන බඹරෝ 
රෝස මලක් පිපිලා බඹරෝ
වන බඹරෝ වන බඹරෝ 
රොන් ගෙන ආ හැකි වන බඹරෝ
රීයෙ උදේමයි මල පිපුණේ
තව නෑ රොන් මල තුල පිරුණේ
ටික දවසක් යන තුරු සෙවණේ
මල පිපුනාවේ මද පවනේ
වෙන මල් වෙත මා නැත යන්නේ
රෝස මලයි මගෙ සිත බැන්දේ
සමනලයින් ඒ බව දන්නේ
ඒ ගැන නෑ මා වෙහෙසෙන්නේ
",ඇනස්ලි මාලවන,කැලිප්සෝ,ක්ලැරන්ස් විජේවර්ධන,ක්ලැරන්ස් විජේවර්ධන,"ඒ ගැන නෑ මා වෙහෙසෙන්නේ
","මම කනස්සල්ලට පත් නොවෙමි
"
Piyaba Yanawa Ma | පියඹා යනවා මා ,"පියඹා යනවා මා ආකාශයේ
අවසානයි ප්‍රේමාදරේ
ගිරවෝ කොව්ලෝ
මිදුනා මා ආදරෙන්... 
පෙම් බැන්ද දා ඉදන් උපන් හඳේ
සිත වේදන ඉතින් රිදුම් නොදේ
ජිවිතේ පවන් සැලේ
මල් මල් යොවුන් වියේ ජිවිතේ
රෑ නින්ද යා නොදී හිතේ උපන්
නෑ පෙම්වති කියා රුවක් ඉතින්
පෙම් යදම් සිදී බිදී ගිහින්
මල් මල් යොවුන් වියේ ජිවිතේ
",ක්ලැරන්ස් විජේවර්ධන,පැරණි පොප්,ක්ලැරන්ස් විජේවර්ධන,ක්ලැරන්ස් විජේවර්ධන,"මිදුනා මා ආදරෙන්... 





","




මම ආදරය කරන්න එක නතර කරා.










"
Ae Neela Nethu |  ඈ නීල නෙතු සලා,"ඈ නීල නෙතු සලා මා දෑස මත් කළා 
සේයා මවා ඒ ආදරේ  ආයාචනා…..ආ
ඈ නීල නෙතු සලා 
පාවී ගියා   ඒ වේදනා    දෑසේ මවා මේ චේතනා 
ආරාධනා
පාවී ගියා   ඒ වේදනා දෑසේ මවා මේ චේතනා 
ආරාධනා
පාවී ගලා  පවනේ පවා   රාවේ ඇසේ ඒ ගීතිකා
ආරාධනා
පාවී ගලා පවනේ පවා  රාවේ ඇසේ ඒ ගීතිකා
ආරාධනා
",ටී එම් ජයරත්න,පැරණි පොප්,රෝහණ වීරසිංහ,මාලනී ජයරත්න,"
ඈ නීල නෙතු සලා මා දෑස මත් කළා 



පාවී ගියා   ඒ වේදනා    දෑසේ මවා මේ චේතනා 



පාවී ගියා   ඒ වේදනා දෑසේ මවා මේ චේතනා 










","
ඇගේ නිල් ඇස් මා සිත් ගත්තේය



ඒ වේදනාබර ඇස් වල මේ සිතුවිලි පලා ගියා



ඒ නොසන්සුන් දෑස් තුළ මේ සිතුවිලි ඉවතට පාවී ගියේය










"
Amma Sandaki |  අම්මා සඳකි,"අම්මා සඳකි මම ඒ ලොව හිරුය රිදී 
ඒ ඉර හඳෙන් නුඹෙ ලෝකය එලිය වුනී 
රැකුමට පුතුන් දිවියේ දුක් ගැහැට විඳී 
පිය සෙනෙහසට කව් ගී ලියැවුනා මදී 
සිරුරේ දුවන්නේ මගෙ ලේ නොවැ පුතුනේ 
කුසයේ නොදැරුවත් දිවි බර මට දැනුනේ 
මහමෙරකට උසයි දරු පෙම හද පතුලේ 
පුදුමයි පුතුනි කිම මගෙ ලේ කිරි නොවුනේ
මවකට මුවාවී නුඹ වෙත දිරි දුන්නේ 
මම වෙමි පුතුනි එය මා පමණයි දන්නේ 
පිය සෙනෙහස නැතිද දරුවනි හඳුනන්නේ 
අම්මාවරුන් පමණද මතු බුදු වන්නේ 
",ටී එම් ජයරත්න,සම්භාව්ය,රෝහණ වීරසිංහ,මාලනී ජයරත්න,"මවකට මුවාවී නුඹ වෙත දිරි දුන්නේ 
","ඔහු මාතෘත්වයේ වේශයෙන් ඔබව දිරිමත් කළේය
"
Anduru Kutiya Thula |  අදුරු කුටිය තුල,"අදුරු කුටිය තුල දොරගුළු ලාගෙන 
ගයන ගීතිකා යදින යාතිකා දෙවියන් හට නෑසේ
ඒ…….දෙවියන් හට නෑසේ
පොලව කොටන තැන පාර තනන තැන 
ගිනියම් අව්වේ මහ වරුසාවේ දෙවියෝ වැඩ ඉන්නේ
ඒ…….දෙවියෝ වැඩ ඉන්නේ
බලන් කඩතුරා හැර දෑසේ
සිනිදු සුවැති සළු සිරසින් හැරදා
දූවිලි මඩ වැකි පිළි ගත පලදා
දෙවියන් රුව දක්නට හැක්කේ 
හ හා…ආඅආඅ ආඅආඅ ආඅආඅ  ආ..
කුසුම් සදුන් දුම් සුවදින් වැලකී
ගත නැගි දාඩිය සුවදින් සැරසී
දෙවියන් හා එක්විය හැක්කේ
හ හා…ආඅආඅ ආඅආඅ ආඅආඅ  ආ..
",ටී එම් ජයරත්න,සම්භාව්ය,ප්‍රේමසිරි කේමදාස්,පී.එස්.අලවත්තගේ,"
අදුරු කුටිය තුල දොරගුළු ලාගෙන 










","
දොරවල් වසා ඇති අඳුරු කාමරයේ










"
Chandikamata Randuwak |  චන්ඩිකමට,"චන්ඩිකමට රන්ඩුවක් වෙලා 
පුංචි පුතා ඉන්නෙ හැංගිලා...
අයියට ගහලා  නංගිව විකලා 
යාළුවො ටික තරහා වෙලා 
සෙල්ලම් කරන්නේ කා සමගින්දෝ 
පුංචි පුතා දැන් තනිවෙනවා
අයියයි නංගියි  යාළුවො ගොන්නයි 
සේරම හොඳ දරුවෝ වෙලා 
එකමුතු වුණා නම්  නේ හොඳ වෙන්නේ 
පුංචි ළමයි වස නෑ පැටියෝ
",ටී එම් ජයරත්න,පැරණි පොප්,රෝහණ වීරසිංහ,කුලරත්න ආරියවංශ,"
පුංචි පුතා ඉන්නෙ හැංගිලා...
","
පිරිමි ළමයා සැඟවී සිටී
"
Dayiwaye |  දෛවයේ සුළි සුළගේ,"දෛවයේ සුළි සුළගේ වෙලී 
ජීවිතේ පැතු පැතුමන් සිඳී 
මා කෙරේ බැඳී සෙනෙහෙ බිඳී 
ඇය යාවි ඇදී ...  ඇය යාවි ඇදී
පාළුවූ මා සිතින්   චේතනා ගිලිහෙමින් 
නිමවූ අපේ   ආදරේ වේදනා ගෙනේ 
වාලුකා මිරිගුවෙන්  මංමුලාවූ ලෙසින් 
තනිවී මෙසේ  මා ලයේ ප්‍රර්ථනා සිඳේ 
",ටී එම් ජයරත්න,පැරණි පොප්,ක්ලැරන්ස් විජේවර්ධන,හේමසිරි හල්පිට,"
මා කෙරේ බැඳී සෙනෙහෙ බිඳී 





","
මම ඔහු සමඟ ආදරයෙන් බැඳී සිටියෙමි







"
Degoda Thala |  දෙගොඩ තලා,"දෙගොඩ තලා ගඟ ගලා
මෙගොඩ ගොඩේ ඈ හිඳී
තොටුපලේ ගං ඉවුරේ
මා තනිවම මද අඳුරේ
මේ ගඟ ගලා ගියේ
අපි පුංචි ළමුන් දවසේ
ඇගෙ දෙපා පවා ආදරෙන් දොවා
ආදර ඒ ගඟ නෑ අද නෑ
මේ ඔරු කඳේ නැගී
බොර පාට දියේ තනිවී
මා මෙහා ඉමේ ඈ එහා ඉමේ
බාධක මේ ගඟ තාම ගලයි
",ටී එම් ජයරත්න,පැරණි පොප්,ක්ලැරන්ස් විජේවර්ධන,අජන්තා රණසිංහ,"
මා මෙහා ඉමේ ඈ එහා ඉමේ","මම මේ ඉවුරේ ඇය අනිත් ඉවුරේ සිටී
"
Eka Sitha Dethanaka |  එක සිත දෙතැනක,"එක සිත දෙතැනක නතර වෙලා 
ඔබේ සිතයි මගේ සිතයි 
දෙසිතම එකම සිතක් වී 
ඔබේ ලඟයි මගේ ලඟයි 
ඒ සිත දෙතැනක නතර වෙලා
ලසෝ තැවුල් මැද ඔබ සැලෙනා විට 
මගේ නෙතද වැළපේ 
සිනා තෙපුල් මැද ඔබ සැනසෙන සඳ 
මගෙ සිතද සැනසේ 
ඔබේ පැතුම මා පතනා ලොවමයි 
අපේ සිතුම් සම වේ 
ඔබෙ මගේ යයි වෙනසක් නොහැඟෙයි 
ඔබම යළිදු මම වේ
",ටී එම් ජයරත්න,පැරණි පොප්,රෝහණ වීරසිංහ,කුලරත්න ආරියවංශ,"ඔබෙ මගේ යයි වෙනසක් නොහැඟෙයි 
","ඔබට මගේ වඩා වෙනස් කිසිවක් දැනෙන්නේ නැත
"
Hadissiye |  හදිස්සියේ,"හදිස්සියේ හනි හනිකට පය තබනා 
රුවැත්තියේ නුඹ සිටිනා ගම කොතැනා...
දෑත සලා කිංකිණි හඬ දෙවන්නී 
දෑස සලා මොනමොනවද කියන්නී 
‍        
යටින් හොරෙන් එබිකම්කර බලන්නී 
ළඳේ නුඹයි මගෙ දුක් ගිනි නිවන්නී 
රෑන කිතුල් මල පිට මැද හෙලන්නී 
සිහින් පබළුවැල් ගෙල වට බඳින්නී 
‍        
කෝල නැවුම් සිනා දැලක් එළන්නී 
ළඳේ නුඹයි මගෙ දුක් ගිනි නිවන්නී
",ටී එම් ජයරත්න,පැරණි පොප්,ක්ලැරන්ස් විජේවර්ධන,කැමිලා පෙරේරා,"දෑස සලා මොනමොනවද කියන්නී 
","ඔබ ඇස් වලින් පවසන්නේ කුමක්ද?
"
Hemin Sare |  හෙමින් සැරේ,"හෙමින් සැරේ පියා විදා
සුමුදු සයනේ සිනිදු ඇතිරිල්ලෙන්
පලා ඇවිත් සිතුම් සියොතුන්
සුමුදු සයනේ සිනිදු ඇතිරිල්ලෙන්
හා..හහ හා..හ හා…හ හා..හ හා..හා..
මලක් නම් එය මලක් වුව මැන
සිනිදු සුකුමල….ආඅ ආ රුවෙන් සරසන
විලක් නම් එය විලක් වුව මැන
නීල ඉදුවර….ආඅ ආ දියෙන් උපදින 
නැවුම් වත්සුනු රොනින් මත්වී
නීල නිම්නය….ආඅ ආ සුපුෂ්පිත වී
සිහින් හඬකින් මහද අමතයි
මුදා හැරදා….ආඅ ආ පවුරු සිඳි යහනේ
",ටී එම් ජයරත්න,සම්භාව්ය,ප්‍රේමසිරි කේමදාස්,ධර්මසේන පතිරාජ,"
සිහින් හඬකින් මහද අමතයි


","මෘදු හඬින් කතා කරයි


"
Jeewithe Amadhara |  ජීවිතේ අමධාරා,"ජීවිතේ අම ධාරා  උල්පතේ රස උතුරා
කෝ සුපෙම් හස කැළුම් රස හැඟුම් 
මීවිතේ රස උතුරා  
  & 
ආදරේ මල් උයනේ  නෑ ඔබේ හඬ ඇසුනේ 
පිපි කුසුම් මල් යහන් තුලට වී   
කොවුලනේ නාඬන්
ඈත නිල්වන් ගුවනේ  පියාඹන ලිහිණියනේ
මට කියන් තෙපි සොයා යන ලොවේ  
සෝ තැවුල් රැඳුනේ
හමන පවනේ සඟවා  මගේ පාළුව රහසේ
ඇත එවා ඔබ සොයා පිය ළඳේ 
මීවිතේ රස උතුරා
",ටී එම් ජයරත්න,පැරණි පොප්,ප්‍රේමසිරි කේමදාස්,විජේතුංග විසින් නිෂ්පාදනය කරන ලදී,මට කියන් තෙපි සොයා යන ලොවේ  ,ඔබ සොයන්නේ ලෝකය කුමක්දැයි මට කියන්න
Ko Ma Pathu |  කෝ මා පැතූ,"කෝ මා පැතූ ඔබෙ ආදරේ 
කෝ මා පැතූ ඔබෙ ආදරේ 
කෝ මා පැතූ
ආවේ එදා මා තනිවී ලොවේහී 
නැතිවී ගියා ඒ හැඟුමන් මෙහී…
යළි මා අනාතයි උතුරා ගලා යයි සංවේදනා 
ඈ හා අතීතේ ගැයු ගීත රාවේ 
මුසුවී ඇසේවා සුළඟේ පවා... 
කෙවිලී කැදැල්ලේ කොවුලා ඉගිල්ලේ  දැන් ඈ දමා
පායා පහන් වූ රන් තාරකාවෝ 
අඳුරේ දමා මා නොපෙනී ගියා... 
කවදාද ආයේ පායා දිලෙන්නේ  රන් තාරකා
",ටී එම් ජයරත්න,සම්භාව්ය,ප්‍රේමසිරි කේමදාස්,රංජිත් වීරසිංහ,"
කෝ මා පැතූ ඔබෙ ආදරේ 
",මා පතනා ඔබේ ආදරය කෝ
Lokaye Rudu |  ලෝකයේ රුදු නෙත්,"ලෝකයේ රුදු නෙත් වසා  
ස්නේහයේ හසරැල් සලා 
මා සොයා පැමිණෙන්න සොඳුරිය 
රෑ සඳේ කඳුලක් වෙලා…
මා දෑස අවුරා ඔබ දෑස සඟවා 
සහසක් නුවන් දැල්විලා
මා දෑස අවුරා ඔබ දෑස සඟවා 
සහසක් නුවන් දැල්විලා
මේ කුරිරු ලෝකෙන් පාවී හමා රෑ 
යාවෙන්න පවනක් වෙලා
රෑ සීත අඳුරේ මේ සොඳුරු යාමේ 
පාළුව දැනී තනිවෙල
රෑ සීත අඳුරේ මේ සොඳුරු යාමේ 
පාළුව දැනී තනිවෙලා
මා තැවෙන යාමේ මේ පාළු කුටියේ 
දැවටෙන්න සුවඳක් වෙලා 
",ටී එම් ජයරත්න,පැරණි පොප්,එච්.එම් ජයවර්ධන,කුලරත්න ආරියවංශ,"මා තැවෙන යාමේ මේ පාළු කුටියේ 
","මම තනි වෙලා
"
Mulu Lowama |  මුලු ලොවම,"මුලු ලොවම නැතිවුනත්  එකම හදවතක් 
ඇත ඔබේ…. නාමයෙන්  ඇත ඔබේ නාමයෙන්...
ඔබේ සෙවනෙහි රැඳී ඉන්නට 
වරම් නැතිවූ ලෝකයෙන්... 
වෙන්ව සිටිනා හුදකලාවේ…….. 
 එකම එක හදවතක් 
 ඇත ඔබේ නාමයෙන්
ලොවේ දිනයෙක තනිවුනෝතින් 
ඔබේ හද සෝ තාපයෙන්... 
සොයා එන්නට සිටින කැපවී 
 එකම එක හදවතක් 
 ඇත ඔබේ නාමයෙන්  
",ටී එම් ජයරත්න,පැරණි පොප්,රෝහණ වීරසිංහ,කුලරත්න ආරියවංශ,"
මුලු ලොවම නැතිවුනත්  එකම හදවතක් 



","කවුරු නැති උනත් මම ඉන්නවා
"
Namal Pipila |  නාමල් පිපිලා,"නාමල් පිපිලා මේ වැව් ඉවුරේ 
නා තුරු සෙවනැල්ලේ මල් පාවඩ සැදිලා 
බලා සිටින්නේ 
ඔබේ දෙපා පොඩි සිප ගන්නයි...
පාළු සැඳෑවේ මේ වැව් ඉවුරේ 
මගේ දෙනෙත් මග බලා හිඳින්නේ... 
පුරා සඳක්සේ වනලිය අතරින් 
ඔබේ සිනාවත පිපෙන තුරා
නීල තලාවේ මේ ගඟුලැල්ලේ 
රිදී කඳන් සැලි සැලී රඟන්නේ... 
නදී සඳැල්ලේ රන්කම් විලසින් 
ඔබේ දෙපා යුග නැගෙන තුරා 
",ටී එම් ජයරත්න,පැරණි පොප්,රෝහණ වීරසිංහ,කුලරත්න ආරියවංශ,"පාළු සැඳෑවේ මේ වැව් ඉවුරේ 

","ඔහු ජල ඉවුරුවල තනියම රාත්‍රිය ගත කළේය
"
Oba Ha Mema |  ඔබ හා මෙමා,"ඔබ හා මෙමා අතිනත් අරන්  
අපගේ ලොවේ තනිවු එදා 
ඔබ මා දෙපා දෑතින් බදා  
සිප ගත් එදා සිහිවෙනවා 
සිප ගත් එදා සිහිවෙනවා
භවයෙන් භවේ මෙලෙසින් බැඳී 
අප ආ ගමන් අමතක වුවත් 
ඔබගෙයි මගෙයි හද මන්දිරෙන් 
නැග ආ ස්වරේ  එක් වූ දිනේ සිහිවෙනවා 
එක් වූ දිනේ සිහිවෙනවා
ඔබ මා දෙනෙත් ම ඔබේ දෙනෙත් 
එක් වී වෙලි සෙනෙහස සෙවූ 
ඒ සොඳුරු දා සිහිවෙනවා 
ඒ සොඳුරු දා සිහිවෙනවා  
",ටී එම් ජයරත්න,සම්භාව්ය,එච්.එම් ජයවර්ධන,විමලා ආර් පීරිස්,"
ඔබ හා මෙමා අතිනත් අරන් 
","
ඔබ සහ මම විවාහ උනා
"
Pawanata Salena |  පවනට සැලෙනා,"පවනට සැලෙනා..දොඹ මල් සුවඳින් 
ආදර හසරැලි මුවට නැගෙයිදෝ 
සවනට කොඳුරා…  පවසන වදනින්
ආදර හැඟුමන් සිතට දැනෙයිදෝ
මල් ඇතුරුනු ඒ සුව යහනේ ඔබ 
අඩවන් දෙනෙතින් ආලවඩයිදෝ 
මා ඇකයේ සිට පොඩි පුතු හඬනා 
ඒ දුක්බර හඬ ඔබට ඇසෙයිදෝ
ඇකයේ සිට මා පුතු හඬනා සඳ 
ලේ කිරි වී දැයි නොදනිමි මා ළඳ 
අසරණ දෙනෙතින් පුතු දෙස බැලු සඳ 
දුටුවේ වැගිරුනු කඳුළු පමණි ළඳ  
",ටී එම් ජයරත්න,සම්භාව්ය,ප්‍රේමසිරි කේමදාස්,ධර්මසිරි බණ්ඩාරනායක,"අඩවන් දෙනෙතින් ආලවඩයිදෝ 


","ඔබ ඇස්වලින් ආලවන්ත හැඟීම් පෑමක් කරනවාද?


"
Rathriya Uda Una |  රාත්‍රිය උදා උනා,"රාත්‍රිය උදා උනා
නින්ද ඇයි නොඑන්නේ..
රාත්‍රිය උදා උනා
ඔබ හමු වූ දා පටන් මා හදවත අවදියෙන්
රැය පහන් වෙලා යයි නොවී නිදි දැහැන්
ඔබ අවුදින් සිව් දිගින් මා දෙනෙතේ දැවටෙමින් ...
සිත් තැවුල් මවාලයි පුරා රැය නිතින්
",ටී එම් ජයරත්න,පැරණි පොප්,රෝහණ වීරසිංහ,කුලරත්න ආරියවංශ,"සිත් තැවුල් මවාලයි පුරා රැය නිතින්
","මුළු රාත්රිය පුරාම සිත් වේදනාවන් නිර්මාණය වේ
"
Raththaran Neth |  රත්තරන් නෙත්,"රත්තරන් නෙත් දෙකෙන් සලා සිහිල් පවන්
ජීවිතේ ලසෝතැවුල් නිවන්න රත්තරන් 
තාරකා සිනා දැලේ රන්කැලුම් දිගේ
ආදරේ ගලා හැලේ සිහිනයක් වගේ
පාලුවේ වෙලී හඬාවැටෙද්දි ජීවිතේ
මා දිහා ලඟාව ඉන්න රත්තරන් මගේ
මාරුතේ හමා වනේ මල් උයන් දිගේ
පාවෙනා වලාකුලේ සිසිලසක් වගේ
වේදනා නිවී ඔබේ සුනීල නෙත් විලේ
ජීවිතේ සිනා නගාවි සෙනෙහසින් හදේ 
",ටී එම් ජයරත්න,පැරණි පොප්,රෝහණ වීරසිංහ,කුලරත්න ආරියවංශ,"වේදනා නිවී ඔබේ සුනීල නෙත් විලේ
","ඔබේ ඇස්වල වේදනාව අතුරුදහන් වී ඇත
"
Sanasum Susuman |  සැනසුම් සුසුමන්,"සැනසුම් සුසුමන් පාවීලා 
සඳ කැන් වතුරින් නෑවීලා 
තරුමල් අතරින් රිංගාලා 
කොහි යන්නෙද මා තනිකරලා
සැනසුම් සුසුමන් පාවීලා 
සඳ කැන් වතුරින් නෑවීලා 
රෑ සඳ පානේ සීතල පවනේ 
නාමල් අරණේ ලාදළු සෙවනේ
 ආ...ආ...ආ...ආ...ආ... 
මා ළය කර ඔබගේ සුව යහනේ 
ගෙවූ අතීතය මතකද මිහිරේ
ගෙවූ අතීතය මතකද මිහිරේ
දෑසට පෙනෙනා එකම රුවක් වෙයි 
ඒ රුව මා නෙත් අන්ජනයයි 
ආ...ආ...ආ...ආ...ආ... 
ජීවන ගීයේ තනුව වයන්නෙමි 
ඈ එනතුරු මා තනිවීලා 
ඈ එනතුරු මා තනිවීලා
",ටී එම් ජයරත්න,සම්භාව්ය,ප්‍රේමසිරි කේමදාස්,රංජිත් වීරසිංහ,"
ජීවන ගීයේ තනුව වයන්නෙමි","
මම ජීවිතයේ ගීතයේ තනු නිර්මාණය ගයමි
"
Sithata Danena |  සිතට දැනෙන මේ,"සිතට දැනෙන මේ ලතැවුල්
ඉවසන්නම් ඔබේ නමින්
ජීවිතයේ කෙදිනක හෝ 
සැනසෙන්නට පතා ඔබෙන් 
අද ඔබ නැති බිම තනිවී 
  සිත දවනා අඳුරු හැඟුම්
 ඉවසන්නම් කවදා හෝ 
  ඔබ හමු වේ නම්
අද තනි යහනක වැතිරී 
  ‍රැය නොනිදා නගන සුසුම්
  විඳගන්නම් කවදා හෝ 
 ඔබ ළං වේ නම්
",ටී එම් ජයරත්න,පැරණි පොප්,ප්‍රේමසිරි කේමදාස්,අජන්තා රණසිංහ,"සැනසෙන්නට පතා ඔබෙන් 




","මම ඔබෙන් සැනසීමට බලාපොරොත්තු වෙමි




"
Sithn Ma Nosali |  සිතින් මා නොසැලී,"සිතින් මා නොසැලී සිටිද්දී කඳුල නුඹ ‍ඇවිදින්
නිවා දැමුවේ නෙතේ පීඩා නොබිදිනූ මැනවී  
තනිව මා හඩනා වෙලාවේ සැලි සැලී සිහිනේ 
වැටුනු මහ වරුසා මතක්වී  නුඹ රැදී දෑසේ
තවම මා නොදුටූ සිනා කැන් හමුනොවූ යාමේ
කදුල මට කරුණා කරන්නැයි අයැදිමී නිබදේ
",ටී එම් ජයරත්න,පැරණි පොප්,ස්ටැන්ලි පීරිස්,ප්‍රේමකීර්ති ද අල්විස්,"නිවා දැමුවේ නෙතේ පීඩා නොබිදිනූ මැනවී  

",ඔහුගේ ඇස්වල වේදනාව පහව ගොස් ඇත
Sonduru Atheethaye |  සොඳුරු අතීතයේ,"සොඳුරු අතීතයේ නිමල පැතුම වී
මගෙ හද තුල ඔබ ඉන්න ඇති...
ඒ හින්දා යලි සෙනෙහෙ සිතින් අපි
ආදරයෙන් හමුවෙන්න ඇති… 
කඳුළු සුසුම් මැද සතුටු සිනා මැද
භවය පුරා ලඟ ඉන්න ඇති..
එදත් මගේ සිත අද මෙන් කැපවී
ඔබේ නමට පුද දෙන්න ඇති
නොසැලී නොතැවී බාධක හමුවේ
ආ හින්දා ජය ගන්න ඇති...
ආත්ම ගණනේ පුරුදු ලෙසින් අපි 
මේ අයුරින් හමුවෙන්න ඇති
",ටී එම් ජයරත්න,පැරණි පොප්,රෝහණ වීරසිංහ,මාලනී ජයරත්න,"නොසැලී නොතැවී බාධක හමුවේ
","බාධක තිබියදීත් නොපසුබට උත්සාහය
"
Sovin Bara |  සොවින් බර,"සොවින් බර නුවන් විදාලා 
තැවුල් පැවසුවා හඬාලා 
යොවුන් ආදරේ අපේ 
ගියේ ඇයි මෙසේ බිඳීලා… 
හදේ ජනිත වූ අමාවන්  සැබෑ ආදරේ අපේ 
මුසාවන් නිසා අනුන්ගේ  බිඳීලා ගියා 
අහංකාර වූ සිනාවෙන්  අපේ ආදරේ දවාලූ 
ලොවේ චෝදනා නිසා  මැවේ වේදනා 
සදාතනික වූ හැඟීමෙන්  මගේ ජීවිතේ පුරා 
යාවුනා කියා සිතූ මුත්  ඔබේ ආදරේ 
කඳුළින් කොපුල් තෙමාලූ  මගේ ආදරේ මකාලූ 
ඔබේ චේතනා නිසා  සිතේ වේදනා 
",ටී එම් ජයරත්න,පැරණි පොප්,ක්ලැරන්ස් විජේවර්ධන,හේමසිරි හල්පිට,"සදාතනික වූ හැඟීමෙන්  මගේ ජීවිතේ පුරා
","මගේ මුළු ජීවිතයම සදාකාලික තනිකමක හැඟීමක් මට දැනුණා
"
Wala Theerayen |  වළා තීරයෙන්,"වළා තීරයෙන් එහා  කොහේද ලෝකයක්
සොයා ඇදෙන් පැතුම් බිඟුන් 
අපේම ලෝකයක්… අපේම ලෝකයක්
තරංඟයක් ලෙසින් අදී 
බිදී නොයන් සිතින්..
වසන්තයක් ලෙසින් උදාව 
එන්න ජීවිතෙන්...
සිහිල් සහන් සුසුන් සරින්
පවන් රොදක් ලෙසින්...
නැවුම් පැතුම් අරන් වඩින්න 
පෙම් උයන් දොරින්..
",ටී එම් ජයරත්න,සම්භාව්ය,ප්‍රේමසිරි කේමදාස්,අජන්තා රණසිංහ,"
වළා තීරයෙන් එහා  කොහේද ලෝකයක්","
වලාකුලු වලින් එහා ඔබ්බට බාහිර ලෝකය ලෝකයේ කොහේද?
"
Asata Asuwana |  ඇසට අසුවන,"ඇසට අසුවන මායිමේ 
බඹර සැණකෙළි මල් විලේ 
ලසෝ ලැව් ගිනි ඇව්ලුනා සිත 
ඔබ මගෙන් වෙන් වූ දිනේ 
සියපතක් මත විසුල පිණි කැට 
සැඩ සුළං වැද සර සරින් හෙත
මගෙන් රිදවුම් දෙවුණු මොහොතක
ඔබේ වත මට නැගෙයි සිහියට
සතර අත පෙති විහිද විකසිත
මලේ මල් මී මමණයුරු දැක
ඔබේ ලවනත සැදුන මීවිත 
මත් කලා මතකයි මගේ සිත
",කරුණාරත්න දිවුල්ගනේ,නව පොප්,ගුණදාස කපුගේ,මහින්ද දිසානායක,"සියපතක් මත විසුල පිණි කැට 







","කොළයක් මත වැලි කැට විසිරීම






"
Atheethaya Sihinayak | අතීතය සිහිනයක් පමණයි,"අතීතය සිහිනයක් පමණයි 
සැබෑ සුවඳක් නැ
එදා සෙනෙහෙන් නොබැදුනානම් 
මෙදා වියොවක් නැ
තැනූ මන්දිර බිදී වැටුනත් 
නෙතේ කදුලක් නැ
සිනහවෙන්නට වරම් නොලදත් 
හිතේ කිළුටක් නැ
සොබා දහමට නොවන අවනත 
ලොවේ කිසිවක් නැ
ලොවේ පැරදුම මිසක කිසිදා
ලැබූ දිනුමක් නැ
",කරුණාරත්න දිවුල්ගනේ,සම්භාව්ය,නාලක අංජන කුමාර,පෙලෙග්හි හම්රාතාහි හෝමි,"සිනහවෙන්නට වරම් නොලදත් 




","ඔබ සිනාසීමට පවා එඩිතර නොවූවත්




"
Dura Atha Wuwada | දුර ඈත වුවද,"දුර ඈත වුවද ගතිනා
ලඟ පාත නොවෙද සිතිනා
ඇලපාත මුදලි මං
මද හාස නගන් ගජමන් නෝනා
පුන්සඳ ලෙද කළුවර යහනේ
පුන්සිසිවත කඳුළින් තෙමුනේ
තහනම් ද සතුට ලදුනේ
මේ දුකද සැපයි  නුඹෙ හිතට කැපයි
මද හාස නගන් ගජමන් නෝනා
රන් රස සේ ගැලපෙන සේමා
දුන් රස කව් රස විද බෝමා
නොබැදෙම් ද පෙමින් කෝමා
අමනාප කිමැයි  උදහාස කිමැයි
මද හාස නගන් ගජමන් නෝනා
",කරුණාරත්න දිවුල්ගනේ,සම්භාව්ය,රෝහණ වීරසිංහ,පිරිමි මාලනී පෙරේරා,"ලඟ පාත නොවෙද සිතිනා





","මම හිතුවේ නැහැ ඔවුන් සමීපයි කියලා




"
Dura Kathara Gewagena | දුර කතර ගෙවාගෙන,"දුර කතර ගෙවාගෙන
මම නොකියම ආවට
මට සමාවෙයන් බණ්ඩර මැණිකේ
අර බලන්න අර පුර හඳ අහසේ
දුම් වලාකුළෙන් තරුකැට හැංගිලා
නෙත් කොණින් බලා මට ඉඟි බිඟි කළා
මට ඉන්නට බෑ කොළොම්තොටට වෙලා
උඹෙ කතා කරන දෑස මතක් වෙලා
මහා මැදුරු උඩින් පුර හඳ පායලා
නුඹෙ මුහුණ පෙනුණේ මුළු අහසම පුරා
ඒ සෙනෙහෙවන්ත කමට වහල් වෙලා
මට ගම නෑවිත් ඉන්නට බැරිවුණා
",කරුණාරත්න දිවුල්ගනේ,නව පොප්,එච්.එම් ජයවර්ධන,රත්න ශ්‍රී විජේසිංහ,"






අර බලන්න අර පුර හඳ අහසේ

දුම් වලාකුළෙන් තරුකැට හැංගිලා

නෙත් කොණින් බලා මට ඉඟි බිඟි කළා

මට ඉන්නට බෑ කොළොම්තොටට වෙලා

උඹෙ කතා කරන දෑස මතක් වෙලා

මහා මැදුරු උඩින් පුර හඳ පායලා

නුඹෙ මුහුණ පෙනුණේ මුළු අහසම පුරා




","






අහසේ ඇති මේ පූර්ණ චන්ද්‍රයා දෙස බලන්න

දුම් වලාවෙන් තරු සැඟවී ඇත

ඔහුගේ ඇස අගින් ඔහු මට ඉඟි ලබා දුන්නේය

මට කොළඹ ඉන්න බෑ

මට මතකයි ඔයාගේ ඇස් කතා කරනවා

පූර්ණ චන්ද්‍රයා මහා මද්‍රු මතින් බබළයි

ඔබේ මුහුණ අහසේ දිස් විය




"
Gahaka Mal Pipila | ගහක මල් පිපිලා,"ගහක මල් පිපිලා පිපෙන්නේ ඇයිද නොදන්නෙමී
හිතක මල් පිපිලා පිපෙන්නේ ඇයිද නොදන්නෙමී
නුඹට සිත බැඳුනේ කිමැයිමා තවම නොදන්නෙමි
නුඹට සිත බැදි කාරණේ මා තවම සොයන්නෙමී
කතරෙ වැලි කැට හිරුට පෙම්බැද
ඇතත් ලෝ දහමින්
සොදුරු වැස්සට දැවෙන කතරත්
ආදරෙයි පණමෙන්
ලොවට නොපෙනෙන අරුම සෙනෙහස 
ඒ වගෙයි මනරම් කරනුබැරි තහනම්
සදට සදහට සෙනෙහෙ පෑමුත් 
උදුල තරු කැටයම්
හිරුටපෙම් බැදි එකම තරුවක්
සිටිය නොහැකිද යම්
නුඹට නොහැගෙන මගේ ප්රේුමය
ඒ වගේ මනරම් පුදුමවෙයි නුඹ නම්
",කරුණාරත්න දිවුල්ගනේ,නව පොප්,ගුණදාස කපුගේ,පිරිමි මාලනී පෙරේරා,"


හිතක මල් පිපිලා පිපෙන්නේ ඇයිද නොදන්නෙමී

නුඹට සිත බැඳුනේ කිමැයිමා තවම නොදන්නෙමි

නුඹට සිත බැදි කාරණේ මා තවම සොයන්නෙමී

ලොවට නොපෙනෙන අරුම සෙනෙහස 

ඒ වගෙයි මනරම් කරනුබැරි තහනම්




","


මගේ හදවතේ මල් පිපෙන්නේ ඇයිදැයි මම නොදනිමි

ඔබ ආදරය කරන්නේ කාටදැයි මමවත් නොදනිමි

මම තාමත් හොයනවා මම ඔයාට ආදරේ කරන්න හේතුව

ලෝකයට නොපෙනෙන අමුතු සෙනෙහස

එවැනි ලස්සන පුද්ගලයෙකු වීම තහනම්ය




"
Gamata Kalin Hiru | ගමට කලින් හිරු ,"ගමට කලින් හිරු මුළුතැන්ගෙට වඩනා
ඒ හිරු එළියේ නැණ මල් පොඩි පිපුණා
ඒ මල් සුවඳේ අද ලොව්තුරු සුව විඳිනා
කලා වැවේ නිල් දියවර අපෙ අම්මා
රෑ කළුවර අරගෙන දරුවන් එනතුරු
සිත නෑ නිවන් දකින්නේ
රෑ කළුවර ඇවිදින් ඉකිබිඳ හැඬුවත්
නෙත නෑ නිදි විඳගන්නේ
හෙට අරුණට සැරසෙන තව දවසක් ගැන
නින්දේ හීන දකින්නේ
මහමායාවනි කවදාදෝ ඔය නෙත්
දරු සෙනෙහසින් මිදින්නේ
වෙල් දෙනිවල ඇවිදින දෙපා රිදෙන විට
විහඟ ගීත බණ පද වේවා
බෝ මලුවක ඇවිලෙන පහන් වැටක් සේ
තුන් සිත නිවී සැදේවා
මතු උපදින සසරේ විශාඛාව වී 
මෙත් මඟ නෙත් හමුවේවා
ඇත් රැජිනියනේ ඔබෙ නැළවිලි ගීතය
ලොවම නිවන කවියක් වේවා
",කරුණාරත්න දිවුල්ගනේ,සම්භාව්ය,සුනිල් දයානන්ද කෝනාර,සුනිල් දයානන්ද කෝනාර,"ඒ හිරු එළියේ නැණ මල් පොඩි පිපුණා


","හිරු එළියේ රෝස මල් අග්ගිස් මල් පිපුණා

"
Kohe Ho Numba | කොහේ හෝ නුඹ,"කොහේ හෝ නුඹ නතර වි 
කාට හෝ ජීවිතය දී
තුටින් නම් මට ඒ ඇති
මගේ නොවුනට කම් නැතී නුඹ
මගේ නොවුනට කම් නැතී
උන්න දා අපි අපේ වී නුඹ
දුන්නු සෙනෙහස අරුමැති
ලෝභ නෑ හිත අහිමි දා අද
මමත් දැන් මට හිමි නැතී
නුඹ ළඟත් මතකය ඇතී
නමුදු අපි වෙන් වී ඇතී
එපා රිදවුම් ගන්න දිවියට
අපිට හිමි ජීවිත ඇතී
",කරුණාරත්න දිවුල්ගනේ,නව පොප්,දර්ශන වික්‍රමතුංග,ශමිලා හුසේන්,"


තුටින් නම් මට ඒ ඇති

මගේ නොවුනට කම් නැතී



දුන්නු සෙනෙහස අරුමැති

මමත් දැන් මට හිමි නැතී

නමුදු අපි වෙන් වී ඇතී

එපා රිදවුම් ගන්න දිවියට
","


ඒක මට හොඳටම ඇති

එය මගේ නොවේ නම් එය අදාළ නොවේ



දුන් ආදරය උතුම් ය

මට එය තවදුරටත් අයිති නැත

නමුත් අපි වෙන්වෙලා

ඔබේ ජීවිතය විනාශ නොකරන්න
"
Konda Kirilliye | කොණ්ඩ කිරිල්ලියේ,"කොණ්ඩ කිරිල්ලියේ 
කවුද නුඹේ ප්‍රේමවන්තයා
කොණ්ඩෙ කපනවාද කොණ්ඩෙ බඳිනවාද
කොණ්ඩෙ කපනවාද බඳිනවාද කියාපන් එයා
රංචු ඉලන්දාරි කල්ලි ගැහී බෝවිටියා සොයා
පුංචි කට රතු කර සිංදු එහෙම කියනවාද එයා
පුංචි කට රතු කර සිංදු එහෙම කියනවාද එයා
රංචු ඉලන්දාරි කල්ලි ගැහී බෝවිටියා සොයා
ඔන්න කියන්නෙපා කිරිල්ලියේ නොකිව්වාය කියා
ඔය ලෙන්ගතුකම් බෑ දෑවැදි ඉල්ලුවොතින් එයා
රංචු ඉලන්දාරි කල්ලි ගැහී බෝවිටියා සොයා
පුංචි කට රතු කර සිංදු එහෙම කියනවාද එයා
",කරුණාරත්න දිවුල්ගනේ,නව පොප්,රෝහණ වීරසිංහ,රත්න ශ්‍රී විජේසිංහ,"


කවුද නුඹේ ප්‍රේමවන්තයා

කොණ්ඩෙ කපනවාද බඳිනවාද කියාපන් එයා
","


ඔබේ ආදර සහකරු කවුද?

කොණ්ඩෙ කපන්නද බඳිනවද කියලා එයා දන්නෙ නෑ
"
La Dalu Bo Path | ලා දළු බෝ පත්,"ලා දළු බෝ පත් සෙමින් සැලෙන සේ
යශෝදරා දේවී
වාවනු බැරි තැන රහසේ හැඬුවා
පෙර සංසාරේ ඇසුර මතක් වී
ලා දළු බෝ පත් සෙමින් සැලෙන සේ
ලේන කුලේ සිට ආගිය මඟ තොට
සිටියා නොසැලෙන පහන් ටැඹක් වී
නිවන් දකින තුරු මේ සංසාරේ
පසු පස ආවා සෙවනැල්ලක් වී
තැලී සෙනේ සිත සැලී හඬන විට
වැටී දෙපා ලඟ යශෝදරාවෝ
පිපී නිවන් මල් සාධුකාර දී
නිවී පහන් විය උදෑසනක් සේ
",කරුණාරත්න දිවුල්ගනේ,සම්භාව්ය,එච්.එම් ජයවර්ධන,රඹුක්කන සිද්ධාර්ථ හිමි,"ලා දළු බෝ පත් සෙමින් සැලෙන සේ
වාවනු බැරි තැන රහසේ හැඬුවා","සැහැල්ලු කොළ සෙමින් පැද්දෙමින් තිබේ
මට නොපෙනෙන තැන මම රහසින් ඇඬුවෙමි"
Ma Obath Ekka | මා ඔබත් එක්ක ,"මා ඔබත් එක්ක සුහද කතාවක්
ඔබෙ ඇසුත් එක්ක ප්‍රේම කතාවක්
තොරතුරු විමසනවා ආගිය තැන් පවසනවා
තොරතුරු විමසනවා ආගිය තැන් පවසනවා
සංසාරේ හුරුපුරුදුයි කියල කියනවා
කියල කියනවා
මා ඔබත් එක්ක දිගට කතාවක්
ඔබෙ ඇසුත් එක්ක ප්‍රේම කතාවක්
රස රහස් කියනවා විටකදි ඉගිත් කරනවා
රස රහස් කියනවා විටකදි ඉගිත් කරනවා
ඇවිදින්නට තනිවෙන්නට යමුද අහනවා
යමුද අහනවා
සද හිරුත් එක්ක හොරෙන් කතාවක්
තරු මාත් එක්ක ප්‍රේම කතාවක්
වරදක් නැහැ කියනා කවුරුත් නොම එයි සිතනා
වරදක් නැහැ කියනා කවුරුත් නොම එයි සිතනා
සිත ගන්නට ළං වෙන්නට එන්න අහනවා
එන්න අහනවා
",කරුණාරත්න දිවුල්ගනේ,නව පොප්,රෝහණ වීරසිංහ,ලලිත් ද සිල්වා,"
ඔබෙ ඇසුත් එක්ක ප්‍රේම කතාවක්

වරදක් නැහැ කියනා කවුරුත් නොම එයි සිතනා
","
ඔබට සවන් දිය හැකි ආදර කතාවක්

මම හිතන්නේ නෑ කවුරුත් මේකේ වැරදි දෙයක් කියයි කියලා
"
Mage Duwe Oba – මගෙ දුවේ ඔබ,"මගෙ දුවේ ඔබ අවදියෙන් නම්
මේ රැයේ මිහිරිම වෙලාවයි
දොර ඇරන් එළියට ආවොතින්
මේ මිහිරි දේවල් නුඹටමයි
සේපාලිකා මල් බිමට බැහැලා
ඇවිදින්න යන වෙලාවයි
නිල් තාරුකා බිම බලාගෙන
වැව් දියට පෙම් බැඳි වෙලාවයි
මේ පොළව කොතරම් සුන්දරද
මගේ දූ තනියම හිනාවෙයි
ගණ කළුවරට අප පෙම් කලොත්
ඉර හඳ තරුවනට ණය ගැතියි
ලොව දුන්නු දේවල් අද අපිට හෙට
ලොවට පෙරලා දිය යුතුයි
ඔබ මේ ලොවට ආදරෙයි නම්
මුළු ලොවම ඔබටත් ආදරෙයි
",කරුණාරත්න දිවුල්ගනේ,සම්භාව්ය,රෝහණ වීරසිංහ,රත්න ශ්‍රී විජේසිංහ,"ලොව දුන්නු දේවල් අද අපිට හෙට
","අද ලෝකය අපට දී ඇති දේ හෙට නැවත පැමිණෙනු ඇත
"
Mala Giraviye | මාල ගිරවියේ ,"මාල ගිරවියේ ... මාල ගිරවියේ
මට නුඹත් එක්ක අපේ ගමට පියාඹන්න ආසයි
මං දන්න කියන ගහකොල මල් පෙන්නන්නට ආසයි
මාල ගිරවියේ... මාල ගිරවියේ
දුර නෑයො පවා ගේ දොරකඩ එකතුවෙලා හිදිවි
නුඹේ මාලෙ හැබෑ රත්තරන්ද අත ගලා බලාවි
මේ සේද ඇදුම් ඉල්ල ගත්තේ කාගෙන්දැයි අසාවි
මගෙ උර තලයේ හිස තියාන හෙමිහිට ඉකි බිදිවි
අපෙ නැති බැරිකම් ඒ තරමට අමිහිරිදැයි අසාවි
ඒනිසා තවත් ටික දවසක් ඉවසමු අපි කුමාරි
",කරුණාරත්න දිවුල්ගනේ,නව පොප්,එච්.එම් ජයවර්ධන,රත්න ශ්‍රී විජේසිංහ,"මට නුඹත් එක්ක අපේ ගමට පියාඹන්න ආසයි

මං දන්න කියන ගහකොල මල් පෙන්නන්නට ආසයි

මේ සේද ඇදුම් ඉල්ල ගත්තේ කාගෙන්දැයි අසාවි
","මට ඔයාව අපේ ගමට එක්කන් යන්න ඕන

මම දන්න පැල සහ මල් පෙන්නන්න කැමතියි

මේ සේද ඇඳුම් ඉල්ලන්නේ කාගෙන්දැයි ඔහු අසයි
"
Obata Waram Nathi | ඔබට වරම් නැති ,"ඔබට වරම් නැති මටද වරම් නැති
සෙනෙහස කොතැනද සැඟව ගියේ
ඉවත ගලා ගිය කඳුලක දියවී
ප්‍රථම ප්‍රේමයයි බොඳව ගියේ
ඔහුට පුදන්නට පූජාසනයේ
නොකිලිටි මල් පිපුනිද ලඳුනේ..
පෙති ගිලිහී ගිය පරසතු කුසුමක
සුවඳ කොහේ කොතැනද රැදුනේ
ආ මඟ වැරදී ඔහුද ඔබද මා
දෛවයේ තුන්මංසල හමුවී
බලා හිඳිනු මිස හඬා වැටෙන්නට
කඳුලක් නැ දෙනුවන පිපුනේ
",කරුණාරත්න දිවුල්ගනේ,සම්භාව්ය,නාලක අංජන කුමාර,රංජිත් රූපසිංහ,"ප්‍රථම ප්‍රේමයයි බොඳව ගියේ



","පළමු ආදරය නැතිවිය




"
Paya Nagee Evi | Sepalika | පායා නැගී ඒවි | සේපාලිකා ,"පායා නැගී ඒවි රන් තාරාකා
මා හා සිනාවෙන්නේ නෑ ආදරෙන්
දේදුන්න සේ ඈ මැකී වෙන්වෙලා
නාඩා ඉතින් ඉන්න සේපාලිකා
සේපාලිකා…සේපාලිකා
දෙනුවන් වැසී ඈත තරු නෙත් මැකී
තනිව හඬනා ‍රැයේ හදට දී වේදනා
එක් වී ළඟින් ඉන්න ලංවී සිනාසෙන්න
දුර ඈත සිට එන්න සේපාලිකා
සේපාලිකා...සේපාලිකා
රෑ මීදුමේ ගිලුණු තරුමල් ලෙසේ
ඔබේ නෙත් පහන් දැල්වුනේ හදට දී වේදනා
කඳුල පිසලන්න සතුට තවරන්න 
සුළඟක් ලෙසින් එන්න සේපාලිකා 
සේපාලිකා..සේපාලිකා
",කරුණාරත්න දිවුල්ගනේ,නව පොප්,සිරිල් පෙරේරා,උබේනන්ද දිසානායක,"ඔබේ නෙත් පහන් දැල්වුනේ හදට දී වේදනා


","ඔබේ ඇස් වේදනාවෙන් බැබළුණා


"
Pem Kawak Liyu | පෙම් කවක් ලියූ,"පෙම් කවක් ලියූ නුඹ සිත් අහසේ 
එය මකා දමා ගිය හැටි රහසේ
නුඹ මෙතෙක් රැදී උන් මා මනසේ
පෙම් පුරාවතක්.. නිමා කරන්නද මා කෙලෙසේ
නුඹ යන්නම යන්නම යනවානම්
මට ඉන්න කියන්නට බැහැනෙ ඉතින්
යලි එන්නනම එන්නම හිතුනේ නම්
නුඹ එන්න එපා මගෙ හිත තහනම්
හුරතලෙන් දැවටිලා මගේ ලඟින්
දුන් සතුට එපමණද මට පවසම්
සඳ එලිය පොළොවටයි හිමිවූයේ
සඳ අහසෙ රැදුනාට රත්තරනේ
",කරුණාරත්න දිවුල්ගනේ,නව පොප්,නන්දසේන කටුවල,මනරම් මාපිටිය,"පෙම් පුරාවතක්.. නිමා කරන්නද මා කෙලෙසේ








","ආදර කතාව අවසන් කිරීමට හොඳම ක්‍රමය මට කියන්න?







"
Premaye Mandahasini | ප්‍රේමයේ මන්දහාසිනී ,"ප්‍රේමයේ මන්දහාසිනී යෞවනේ සිහින සාධනී
නීල නයන නිල් දියේ සීත නලින නිම්නයේ
පාව යයි සුන්දරයි ජීවිතේ
ප්‍රේමයේ මන්දහාසිනී
තාරකා නිව දමන්න නෙත් කැලුම් විදා
මා සිතේ විඩා නිවන්න පෙම් පවන් සලා
සඳත් වසන් වෙලා රැයක් මුදුන් කලා
පාව යයි සුන්දරයි ජීවිතේ
මාලතී වනේ රැඳෙම්ද මල් යහන් තලා
මී විතේ අමා පුරම්ද රත් ලවන් පෙලා
සුසුම් පවන් ගලා හැඟුම් දියත් කලා
පාව යයි සුන්දරයි ජීවිතේ
",කරුණාරත්න දිවුල්ගනේ,නව පොප්,රෝහණ වීරසිංහ,කුලරත්න ආරියවංශ,"
ප්‍රේමයේ මන්දහාසිනී යෞවනේ සිහින සාධනී
","
ආදරය යෞවනයේ සිහින සැබෑ වේ
"
Robarosiya Hewane – රොබරෝසියා හෙවනේ,"රොබරෝසියා හෙවනේ ඉඳන්
ඔබ කී කතා සුළඟේ ගිහින්..
හිනාවෙන හැම මලක් ගානෙම
මං ආදරෙයි කීවත් ඉතින් 
හසරැලි අරන් එන පෙම්වතුන්
කඳුලැලි දරන් යන පෙම්වතුන් 
මට කියා දෙනවද කඳුලක් තරම්
හීතලම දෙයක් තව තියෙනවනම්
ඔබ හමු වුනත් නොසිතූ ලෙසින්
තව අතක පැටලී ආදරෙන් 
මට නොදී ගිය තව කඳුලු ඇත්නම්
එපා දෙන්නට ඔහුටනම්
",කරුණාරත්න දිවුල්ගනේ,වත්මන් ගීත,දර්ශන වික්‍රමතුංග,සරත් ශාන්ත ජාගොඩ,"ඔබ හමු වුනත් නොසිතූ ලෙසින්
","ඔබ අනපේක්ෂිත ලෙස හමු වුවද

"
Rosa Thol Sibimi | රෝස තොල් සිඹිමි ,"රෝස තොල් සිඹිමි තොල් මත කඳුලු බිඳු රැඳෙයි
ඔබ ආදරේ කියාදුන්නෙත් ඒ වගේ තමයි
මේ රැයයි සඳයි හරියට ඒ ඔබයි මමයි
හීනයක් වගෙයි මගෙ සිත පාරවයි රිදෙයි
පිච්ච මල් පිපී යහනේ සුවඳ මා දවයි
එක්ව කී කතා දෙසවන දෝංකාර දෙයි
ඔබ උන්නු තැන හදේ තාමත් හරිම උණුසුමයි
ඉවසන්න බැරි තවම ඔබගේ වෙන්ව යාමමයි
අඳුර ඉකි ගසයි සුසුමින් තරු නිවා දමයි
සොඳුර නුඹ ලඟින් නැතුවත් හිතට උණුසුමයි
කඳුලු බිඳු නැගී ඉඳහිට නෙතට අතවනයි
සිනාසෙමි නමුත් මේ උණු කඳුලු මගෙ නොවෙයි
",කරුණාරත්න දිවුල්ගනේ,නව පොප්,ගුණදාස කපුගේ,පිරිමි මාලනී පෙරේරා,"කඳුලු බිඳු නැගී ඉඳහිට නෙතට අතවනයි


","සමහර වෙලාවට අපේ ඇස් වලට කඳුළු එනවා


"
Ruwak Adenawa |  රුවක් ඇදෙනවා,"රුවක් ඇදෙනවා කවුදෝ එනවා
මීවිත ඇතිරිය දෑස වසනවා
හද පොදි බැදි රුව දියකර පා කර
ඔබේ ලොවට මා..මොහොතින් එනවා
සොදුරු යොවුන්විය මල් මඟ මුල හිද 
කිම තොල මීවිත පොඟවන්නේ...
නුරා විරහ ගිනි නිවා දමන්නයි
සුරා වෙතින් මා දෙතොල තෙමන්නේ
නැගුනු නුරා ගිනි මිනි පොද වැටිලා
හතර අතින් දළුලා එනවා...
අවන්හලේ මී….විත තනිකරලා
වරෙන් මලේ පියවර නගලා
",ගුණදාස කපුගේ,සම්භාව්ය,ගුණදාස කපුගේ,මහින්ද දිසානායක,"
රුවක් ඇදෙනවා කවුදෝ එනවා




","කවුරුහරි මගෙ පැත්තට එනවා


"
Sulanga Numba Wagei | සුළඟ නුඹ වගෙයි ,"සුළඟ නුඹ වගෙයි සිත් මල වටා එතෙයි
මල් සුවද හොර හොරෙන් අරන් යන්නටම හදයි
වැස්ස නුඹ වගෙයි සිත් මලට ඇද වැටෙයි
මලේ පාට නොසේදීම පුදුමයක් තමයි
සිත හැදිනුවෙත් නුඹයි
පසු පසම එලව එලවා විත් 
සැනසුවෙත් නුඹයි
නුඹ මගේ හිත අරන් ගියා පුදුමයක් නොවෙයි
සිත තනිකලෙත් නුඹයි
මගෙ සිතේ සියුම් තැන් සොය සොයා
රිදෙව්වෙත් නුඹයි
ඒත් නුඹෙන් සිත නොබිදේ පුදුමයක් තමයි
",කරුණාරත්න දිවුල්ගනේ,නව පොප්,ගුණදාස කපුගේ,පිරිමි මාලනී පෙරේරා,"




නුඹ මගේ හිත අරන් ගියා පුදුමයක් නොවෙයි

ඒත් නුඹෙන් සිත නොබිදේ පුදුමයක් තමයි
","




ඔබ මගේ හදවත උදුරා ගැනීම පුදුමයක් නොවේ

නමුත් එය ඔබේ සිත නොබිදෙන පුදුමයකි
"
Ada Deegeka | අද දීගෙක,"අද දීගෙක ගිය නුඹ මට බුලත් අතක් දීලා
යන්න පිටත් වූ මොහොතේ මගේ දෙපා වැඳලා
එතෙක් සිනහවෙන් සිටි මා කොහෙදෝ තනි වීලා
නෙතේ කඳුළු සිරකර ගෙන සිටියෙමි ඉවසාලා
පුංචි නංගියේ මගේ පුංචි නංගියේ 
පුංචි නංගියේ මගේ පුංචි නංගියේ
මා සිටියත් ඉවසා ගෙන නෙතේ කඳුළු නොසලා
අප දෙන්නා දිහා බලා උන් අම්මා දැකලා
ඇගේ නෙතින් කඩා හැළුණු කඳුළු මතක් වීලා
කවුරුත් නැති තැනකට වී හැඬුවෙමි තනි වීලා
පුංචි නංගියේ මගේ පුංචි නංගියේ 
පුංචි නංගියේ මගේ පුංචි නංගියේ
",සුනිල් එදිරිසිංහ,පැරණි පොප්,රෝහණ වීරසිංහ,ධර්මසිරි ගමගේ,"එතෙක් සිනහවෙන් සිටි මා කොහෙදෝ තනි වීලා
","මම ඒ වෙලාවේ හිනා වුනාට දැන් මම කොහේ හරි තනියම
"
Ahasa Polawa | අහස පොළව,"අහස පොළව වටපිටාව හරිම හිස්තැනක්
ගහක් කොළක් දියක් නොමැති කාන්තාරයක්
ඇදී එන්න ඒ මොහොතේ 
හඬාවැටෙන හද මඬලට
ඔබයි මමයි ඉන්නා තැන කොහිද තනිකමක්
නැහැනේ තනිකමක්
කනට මිණක තරුවක රුව
නොපෙනුනි ඔබ දකින තුරා
ලොවක සිරිය නොදුටිමි මා 
ඔබෙ සෙනෙහස ලබන තුරා
විලක දොලක සුව නොලදිමි
ඔබ මා හා රැඳෙන තුරා
මලෙක සුවඳ ඇත මසිතේ
ඔබ මා ළඟ සිටින තුරා
",සුනිල් එදිරිසිංහ,පැරණි පොප්,රෝහණ වීරසිංහ,පිරිමි මාලනී පෙරේරා,"ලොවක සිරිය නොදුටිමි මා 
","මම ලෝකයේ සතුට දකින්නේ නැහැ
"
Asuweda Kaurun Ho | ඇසුවේද කවුරුන්,"ඇසුවේද කවුරුන් හෝ නුඹෙන්
හැඬුවේ ඇයි ද ප්‍රේමේ නමින්
විමසා නැතිද කිසිදා ඔබත් 
කඳුලින් තුරන්වූ ප්‍රේමයක්
සතුටේ උපත කඳුලයි සදා 
හද වේදනා දෝතින් ගෙනා
පවනේ සිසිල සුසුමයි සිතේ
පෙම් ප්‍රාර්ථනා විදදා ගෙනා
පිපි මල් මතින් පියමන් කලෝ
දිනුවේද කවදා ප්‍රේමයෙන්
විදි වේදනා සතුටින් දරා
පැරදී ගියේ කවුදෝ එයින්
",සුනිල් එදිරිසිංහ,සම්භාව්ය,රෝහණ වීරසිංහ,කුමාරදාස් සපුටන්ති,"
ඇසුවේද කවුරුන් හෝ නුඹෙන්

හැඬුවේ ඇයි ද ප්‍රේමේ නමින්

විමසා නැතිද කිසිදා ඔබත් 

සතුටේ උපත කඳුලයි සදා 
පෙම් ප්‍රාර්ථනා විදදා ගෙනා

දිනුවේද කවදා ප්‍රේමයෙන්




","
කවුරුහරි ඔබෙන් මේ ප්‍රශ්නය ඇහුවද?

ආදරයේ නාමයෙන් ඔබ හැඬුවේ ඇයි?

ඔබ කවදා හෝ එම ප්‍රශ්නය යමෙකුගෙන් අසා තිබේද?

කඳුළු යනු සතුටේ උපතයි

ආදර සිහින සැබෑ වේ

ඔබ ආදරයෙන් දිනුවේ කවදාද?




"
Chandra Mandale | චන්ද්‍ර මණ්ඩලේ,"චන්ද්‍ර මණ්ඩලේ සැතපුණ පුංචි සාවියේ
මන්ද කියාපන් නොකියා හැංගිලා ගියේ
පාන නිවුන සේ පාළුයි ලැයින් කාමරේ
මන්ද නුඹ ගියේ කියපන් පුංචි සාවියේ
ලාභ රත්තරන් දිලිසෙන පාළු වීදියේ
ගෑනු ළමයි පියාඹලා ඉස්සරත් ගියේ
උන්ට සෙයිලමේ මඟතොට පාර වැරදුණේ
අන්න ඒ නිසයි මට දුක රත්තරන් දුවේ
මාල බැඳන් සුදු යකඩෙන් රෝස මල් වනේ
මාල ගිරව් ගේ දොරකඩ සිංදු කිව් වෙලේ
හීනෙනුත් හිතුනෙ නෑ මට මොකද කාරණේ
පාර මතකනම් තාමත් ගේ ලඟයි දුවේ
",සුනිල් එදිරිසිංහ,සම්භාව්ය,රෝහණ වීරසිංහ,රත්න ශ්‍රී විජේසිංහ,"හීනෙනුත් හිතුනෙ නෑ මට මොකද කාරණේ
",මට වෙච්ච වැරැද්ද මොකක්ද කියලා මම කවදාවත් හිතුවේ නැහැ
Kuda Game Maddahane | කුඩා ගමේ මද්දහනේ,"කුඩා ගමේ මද්දහනේ අව් රස්නේ මෙමා
හුරේ කඳු පෙතේ දඩ මං දිගේ ගියා මෙමා
එවන් ගමන් මා නම් ගියෙ සෙනෙහස ගැන සිතා
නුඹේ කරට රිදී පොටක් පළඳන්නයි සුබා
මගේ පැළට නුඹ කැන්දං පැමිණි දොහේ එදා
මල් ගෝමර පිපුණු ලමැද වසා ගනිං කියා
මගේ අතින් දුන් සළුවෙන් ලමැද වසා ගියා
රිදී පොටක් කර ලන්නට වරම් නැතුව ගියා
වරම් නැතුව ගියා
ආල වඩන අකුරු පහේ තේරවිල්ල සකී
රෑට නිදන තනි පැදුරේ නැති සිහිනෙකි සකී
ආලෙ බිඳුණු දා කුමකට කඳුළු හෙලනු සකී
ආල වඩන යන තේරුම බෝසත් කම සකී
",සුනිල් එදිරිසිංහ,චිත්රපට ගීත,වික්ටර් රත්නායක,ධර්මසිරි ගමගේ,"ආලෙ බිඳුණු දා කුමකට කඳුළු හෙලනු සකී


","සම්බන්ධතාවයක් බිඳී ගියහොත් ඔබට කඳුළු සලන්නේ නැත්තේ ඇයි?


"
Nube Sithata | නුඹේ සිතට,"නුඹේ සිතට පුන්සඳ පායලා වගේ
සිනා කිකිණි මල් පිපුණා දෙතොල දිගේ
එදා නැගුණු ආදර කැක්කුමට මගේ
ජාති ජාති නුඹ මට වාසනා නඟේ
අරුංගලේ දිස්නය ඇස් දෙකට අගේ
මාල පොටේ මුතු අමුණා මුවග අගේ
දෙපෝ දාට අහසේ තරු රෑන වගේ
ආල සිතක් බැඳුණයි රන් රුවට නුඹේ
නළල් තලට මුතු තැලි පට කිමද දඟේ
අතැඟිල්ලට රන් මුදුවක් නොවෙද අගේ
ලැතැවිල්ලට මංගල පෝරුවක් කොහේ
සැනසිල්ලට දුරු රටකට යමුද නඟේ
",සුනිල් එදිරිසිංහ,පැරණි පොප්,රෝහණ වීරසිංහ,සුනිල් ආර් ගමගේ,"
නුඹේ සිතට පුන්සඳ පායලා වගේ
","
එය හරියට ඔබේ හදවතට සඳ පායනවා වගේ
"
